token,arc_hour_close_strict,arc_min_close_strict,arc_sec_close_strict,arc_loose_any,prime_top5_ge_0_60,prime_delta_mean_le_1_5,crt_any_corridor,has_any_bridge,has_residue_bridge,has_prime_tunnel,key_dispersion_W80,key_dispersion_le_1,gate_A_arc_strict,gate_B_prime,gate_C_collapse,gate_D_arc_loose_bridge,accepted,accepted_by
11,True,False,False,True,False,False,True,True,True,True,3,False,True,False,False,True,True,gate_A_arc_strict|gate_D_arc_loose_bridge
20,True,False,True,True,False,False,True,True,True,True,3,False,True,False,False,True,True,gate_A_arc_strict|gate_D_arc_loose_bridge
25,True,False,True,True,False,False,True,True,True,True,3,False,True,False,False,True,True,gate_A_arc_strict|gate_D_arc_loose_bridge
30,True,False,True,True,False,False,True,True,True,True,3,False,True,False,False,True,True,gate_A_arc_strict|gate_D_arc_loose_bridge
3f,True,True,False,True,False,False,True,True,True,True,3,False,True,False,False,True,True,gate_A_arc_strict|gate_D_arc_loose_bridge
4f,True,True,False,True,False,False,True,True,True,True,3,False,True,False,False,True,True,gate_A_arc_strict|gate_D_arc_loose_bridge
60,True,True,True,True,False,False,True,True,True,True,3,False,True,False,False,True,True,gate_A_arc_strict|gate_D_arc_loose_bridge
CATALOG_NIEMEIER_24,True,False,False,True,False,False,True,True,True,True,3,False,True,False,False,True,True,gate_A_arc_strict|gate_D_arc_loose_bridge
CODE_GOLAY_EXTENDED,True,True,False,True,False,False,True,True,True,True,3,False,True,False,False,True,True,gate_A_arc_strict|gate_D_arc_loose_bridge
CONSTRUCTION_A_TEMPLATE,True,True,False,True,False,False,True,True,True,True,3,False,True,False,False,True,True,gate_A_arc_strict|gate_D_arc_loose_bridge
CONWAY_GROUPS_AUT_LEECH,False,False,True,True,False,False,True,True,True,True,3,False,True,False,False,True,True,gate_A_arc_strict|gate_D_arc_loose_bridge
DEEPPHOLE_LEECH_23_ORBITS,False,True,True,True,False,False,True,True,True,True,3,False,True,False,False,True,True,gate_A_arc_strict|gate_D_arc_loose_bridge
E8_ROOT_SYSTEM_240,False,True,False,True,False,False,True,True,True,True,3,False,True,False,False,True,True,gate_A_arc_strict|gate_D_arc_loose_bridge
E8_THETA_WEIGHT4,True,True,False,True,False,False,True,True,True,True,3,False,True,False,False,True,True,gate_A_arc_strict|gate_D_arc_loose_bridge
GROTH_SHEAF_GLUE,False,True,True,True,False,False,True,True,True,True,3,False,True,False,False,True,True,gate_A_arc_strict|gate_D_arc_loose_bridge
HODGE_SPLIT_GRAPH,False,True,False,True,False,False,True,True,True,True,3,False,True,False,False,True,True,gate_A_arc_strict|gate_D_arc_loose_bridge
II_25_1_LORENTZ_CUT,True,True,True,True,False,False,True,True,True,True,3,False,True,False,False,True,True,gate_A_arc_strict|gate_D_arc_loose_bridge
KOL_MDL_DELTA,True,False,True,True,False,False,True,True,True,True,3,False,True,False,False,True,True,gate_A_arc_strict|gate_D_arc_loose_bridge
LAMINATED_LATTICES_SEQ,False,False,True,True,False,False,True,True,True,True,3,False,True,False,False,True,True,gate_A_arc_strict|gate_D_arc_loose_bridge
LEECH_MIN_SHELL_196560,False,False,True,True,False,False,True,True,True,True,3,False,True,False,False,True,True,gate_A_arc_strict|gate_D_arc_loose_bridge
LEECH_NO_ROOTS_MIN4,False,False,False,True,False,False,True,True,True,True,3,False,False,False,False,True,True,gate_D_arc_loose_bridge
NOETHER_CONSERVATION,False,False,True,True,False,False,True,True,True,True,3,False,True,False,False,True,True,gate_A_arc_strict|gate_D_arc_loose_bridge
PARITY_64BIT_LANES,False,False,True,True,False,False,True,True,True,True,3,False,True,False,False,True,True,gate_A_arc_strict|gate_D_arc_loose_bridge
PROOF_E8_DENSEST_AM2017,False,True,False,True,False,False,True,True,True,True,3,False,True,False,False,True,True,gate_A_arc_strict|gate_D_arc_loose_bridge
PROOF_LEECH_DENSEST_AM2017,True,True,True,True,False,False,True,True,True,True,3,False,True,False,False,True,True,gate_A_arc_strict|gate_D_arc_loose_bridge
PROOF_UNIVERSAL_OPTIMALITY_AM2022,True,True,False,True,False,False,True,True,True,True,3,False,True,False,False,True,True,gate_A_arc_strict|gate_D_arc_loose_bridge
SMT_GODEL_GATES,True,True,False,True,False,False,True,True,True,True,3,False,True,False,False,True,True,gate_A_arc_strict|gate_D_arc_loose_bridge
SPECTRAL_GAP_RAYLEIGH,True,True,False,True,False,False,True,True,True,True,3,False,True,False,False,True,True,gate_A_arc_strict|gate_D_arc_loose_bridge
TURYN_3xE8_TO_LEECH,True,True,True,True,False,False,True,True,True,True,3,False,True,False,False,True,True,gate_A_arc_strict|gate_D_arc_loose_bridge
UQ_CONFORMAL_90COVERAGE,False,True,True,True,False,False,True,True,True,True,3,False,True,False,False,True,True,gate_A_arc_strict|gate_D_arc_loose_bridge
WAVELET_FOURIER_SLICE,True,True,True,True,False,False,True,True,True,True,3,False,True,False,False,True,True,gate_A_arc_strict|gate_D_arc_loose_bridge
about,False,True,False,True,False,False,True,True,True,True,3,False,True,False,False,True,True,gate_A_arc_strict|gate_D_arc_loose_bridge
abs,False,True,False,True,False,False,True,True,True,True,3,False,True,False,False,True,True,gate_A_arc_strict|gate_D_arc_loose_bridge
across,False,False,True,True,False,False,True,True,True,True,3,False,True,False,False,True,True,gate_A_arc_strict|gate_D_arc_loose_bridge
act,False,True,False,True,False,False,True,True,True,True,3,False,True,False,False,True,True,gate_A_arc_strict|gate_D_arc_loose_bridge
action,True,True,False,True,False,False,True,True,True,True,3,False,True,False,False,True,True,gate_A_arc_strict|gate_D_arc_loose_bridge
add,True,True,True,True,False,False,True,True,True,True,3,False,True,False,False,True,True,gate_A_arc_strict|gate_D_arc_loose_bridge
additional,True,True,True,True,False,False,True,True,True,True,3,False,True,False,False,True,True,gate_A_arc_strict|gate_D_arc_loose_bridge
after,True,False,True,True,False,False,True,True,True,True,3,False,True,False,False,True,True,gate_A_arc_strict|gate_D_arc_loose_bridge
also,False,True,True,True,False,False,True,True,True,True,3,False,True,False,False,True,True,gate_A_arc_strict|gate_D_arc_loose_bridge
an,False,True,True,True,False,False,True,True,True,True,3,False,True,False,False,True,True,gate_A_arc_strict|gate_D_arc_loose_bridge
analyze,False,True,True,True,False,False,True,True,True,True,3,False,True,False,False,True,True,gate_A_arc_strict|gate_D_arc_loose_bridge
applications,False,True,False,True,False,False,True,True,True,True,3,False,True,False,False,True,True,gate_A_arc_strict|gate_D_arc_loose_bridge
are,False,True,False,True,False,False,True,True,True,True,3,False,True,False,False,True,True,gate_A_arc_strict|gate_D_arc_loose_bridge
as,False,False,True,True,False,False,True,True,True,True,3,False,True,False,False,True,True,gate_A_arc_strict|gate_D_arc_loose_bridge
atom,False,True,True,True,False,False,True,True,True,True,3,False,True,False,False,True,True,gate_A_arc_strict|gate_D_arc_loose_bridge
available,False,True,False,True,False,False,True,True,True,True,3,False,True,False,False,True,True,gate_A_arc_strict|gate_D_arc_loose_bridge
ax1,True,False,False,True,False,False,True,True,True,True,3,False,True,False,False,True,True,gate_A_arc_strict|gate_D_arc_loose_bridge
base,True,True,True,True,False,False,True,True,True,True,3,False,True,False,False,True,True,gate_A_arc_strict|gate_D_arc_loose_bridge
baseline,True,True,True,True,False,False,True,True,True,True,3,False,True,False,False,True,True,gate_A_arc_strict|gate_D_arc_loose_bridge
basic,True,False,True,True,False,False,True,True,True,True,3,False,True,False,False,True,True,gate_A_arc_strict|gate_D_arc_loose_bridge
becomes,False,True,True,True,False,False,True,True,True,True,3,False,True,False,False,True,True,gate_A_arc_strict|gate_D_arc_loose_bridge
before,False,True,True,True,False,False,True,True,True,True,3,False,True,False,False,True,True,gate_A_arc_strict|gate_D_arc_loose_bridge
between,False,True,True,True,False,False,True,True,True,True,3,False,True,False,False,True,True,gate_A_arc_strict|gate_D_arc_loose_bridge
bonus,False,False,True,True,False,False,True,True,True,True,3,False,True,False,False,True,True,gate_A_arc_strict|gate_D_arc_loose_bridge
bouncing,False,False,False,True,False,False,True,True,True,True,3,False,False,False,False,True,True,gate_D_arc_loose_bridge
by,False,True,False,True,False,False,True,True,True,True,3,False,True,False,False,True,True,gate_A_arc_strict|gate_D_arc_loose_bridge
canvas,False,True,True,True,False,False,True,True,True,True,3,False,True,False,False,True,True,gate_A_arc_strict|gate_D_arc_loose_bridge
capacity,False,True,True,True,False,False,True,True,True,True,3,False,True,False,False,True,True,gate_A_arc_strict|gate_D_arc_loose_bridge
cartan,True,False,True,True,False,False,True,True,True,True,3,False,True,False,False,True,True,gate_A_arc_strict|gate_D_arc_loose_bridge
chamber,False,True,True,True,False,False,True,True,True,True,3,False,True,False,False,True,True,gate_A_arc_strict|gate_D_arc_loose_bridge
channels,True,True,True,True,False,False,True,True,True,True,3,False,True,False,False,True,True,gate_A_arc_strict|gate_D_arc_loose_bridge
characteristics,False,False,True,True,False,False,True,True,True,True,3,False,True,False,False,True,True,gate_A_arc_strict|gate_D_arc_loose_bridge
chatgpt,False,False,True,True,False,False,True,True,True,True,3,False,True,False,False,True,True,gate_A_arc_strict|gate_D_arc_loose_bridge
color,True,False,True,True,False,False,True,True,True,True,3,False,True,False,False,True,True,gate_A_arc_strict|gate_D_arc_loose_bridge
complete,False,True,False,True,False,False,True,True,True,True,3,False,True,False,False,True,True,gate_A_arc_strict|gate_D_arc_loose_bridge
complex,False,False,False,True,False,False,True,True,True,True,3,False,False,False,False,True,True,gate_D_arc_loose_bridge
component,False,True,False,True,False,False,True,True,True,True,3,False,True,False,False,True,True,gate_A_arc_strict|gate_D_arc_loose_bridge
computational,False,False,True,True,False,False,True,True,True,True,3,False,True,False,False,True,True,gate_A_arc_strict|gate_D_arc_loose_bridge
conditions,False,False,True,True,False,False,True,True,True,True,3,False,True,False,False,True,True,gate_A_arc_strict|gate_D_arc_loose_bridge
context,False,True,False,True,False,False,True,True,True,True,3,False,True,False,False,True,True,gate_A_arc_strict|gate_D_arc_loose_bridge
control,True,True,False,True,False,False,True,True,True,True,3,False,True,False,False,True,True,gate_A_arc_strict|gate_D_arc_loose_bridge
copy,True,True,False,True,False,False,True,True,True,True,3,False,True,False,False,True,True,gate_A_arc_strict|gate_D_arc_loose_bridge
could,True,False,True,True,False,False,True,True,True,True,3,False,True,False,False,True,True,gate_A_arc_strict|gate_D_arc_loose_bridge
creative,True,True,True,True,False,False,True,True,True,True,3,False,True,False,False,True,True,gate_A_arc_strict|gate_D_arc_loose_bridge
criteria,False,True,True,True,False,False,True,True,True,True,3,False,True,False,False,True,True,gate_A_arc_strict|gate_D_arc_loose_bridge
critical,False,False,True,True,False,False,True,True,True,True,3,False,True,False,False,True,True,gate_A_arc_strict|gate_D_arc_loose_bridge
database,True,True,True,True,False,False,True,True,True,True,3,False,True,False,False,True,True,gate_A_arc_strict|gate_D_arc_loose_bridge
de,True,True,True,True,False,False,True,True,True,True,3,False,True,False,False,True,True,gate_A_arc_strict|gate_D_arc_loose_bridge
default,False,False,False,True,False,False,True,True,True,True,3,False,False,False,False,True,True,gate_D_arc_loose_bridge
define,False,True,False,True,False,False,True,True,True,True,3,False,True,False,False,True,True,gate_A_arc_strict|gate_D_arc_loose_bridge
dict,False,True,True,True,False,False,True,True,True,True,3,False,True,False,False,True,True,gate_A_arc_strict|gate_D_arc_loose_bridge
discovery,False,False,True,True,False,False,True,True,True,True,3,False,True,False,False,True,True,gate_A_arc_strict|gate_D_arc_loose_bridge
do,True,True,False,True,False,False,True,True,True,True,3,False,True,False,False,True,True,gate_A_arc_strict|gate_D_arc_loose_bridge
documentation,True,True,False,True,False,False,True,True,True,True,3,False,True,False,False,True,True,gate_A_arc_strict|gate_D_arc_loose_bridge
domain_context,True,True,True,True,False,False,True,True,True,True,3,False,True,False,False,True,True,gate_A_arc_strict|gate_D_arc_loose_bridge
dtt,True,False,True,True,False,False,True,True,True,True,3,False,True,False,False,True,True,gate_A_arc_strict|gate_D_arc_loose_bridge
due,False,False,True,True,False,False,True,True,True,True,3,False,True,False,False,True,True,gate_A_arc_strict|gate_D_arc_loose_bridge
during,False,True,True,True,False,False,True,True,True,True,3,False,True,False,False,True,True,gate_A_arc_strict|gate_D_arc_loose_bridge
efficiency,False,True,True,True,False,False,True,True,True,True,3,False,True,False,False,True,True,gate_A_arc_strict|gate_D_arc_loose_bridge
empty,False,True,True,True,False,False,True,True,True,True,3,False,True,False,False,True,True,gate_A_arc_strict|gate_D_arc_loose_bridge
enhanced,False,True,True,True,False,False,True,True,True,True,3,False,True,False,False,True,True,gate_A_arc_strict|gate_D_arc_loose_bridge
entire,False,True,False,True,False,False,True,True,True,True,3,False,True,False,False,True,True,gate_A_arc_strict|gate_D_arc_loose_bridge
environment,False,False,False,True,False,False,True,True,True,True,3,False,False,False,False,True,True,gate_D_arc_loose_bridge
evidence_level,False,True,True,True,False,False,True,True,True,True,3,False,True,False,False,True,True,gate_A_arc_strict|gate_D_arc_loose_bridge
execution,True,True,True,True,False,False,True,True,True,True,3,False,True,False,False,True,True,gate_A_arc_strict|gate_D_arc_loose_bridge
execution_time,True,False,False,True,False,False,True,True,True,True,3,False,True,False,False,True,True,gate_A_arc_strict|gate_D_arc_loose_bridge
existing,True,False,False,True,False,False,True,True,True,True,3,False,True,False,False,True,True,gate_A_arc_strict|gate_D_arc_loose_bridge
exploration,True,True,False,True,False,False,True,True,True,True,3,False,True,False,False,True,True,gate_A_arc_strict|gate_D_arc_loose_bridge
exploring,False,True,True,True,False,False,True,True,True,True,3,False,True,False,False,True,True,gate_A_arc_strict|gate_D_arc_loose_bridge
extensions,False,True,True,True,False,False,True,True,True,True,3,False,True,False,False,True,True,gate_A_arc_strict|gate_D_arc_loose_bridge
final,False,True,True,True,False,False,True,True,True,True,3,False,True,False,False,True,True,gate_A_arc_strict|gate_D_arc_loose_bridge
focus,False,True,True,True,False,False,True,True,True,True,3,False,True,False,False,True,True,gate_A_arc_strict|gate_D_arc_loose_bridge
for,True,True,True,True,False,False,True,True,True,True,3,False,True,False,False,True,True,gate_A_arc_strict|gate_D_arc_loose_bridge
form,True,False,True,True,False,False,True,True,True,True,3,False,True,False,False,True,True,gate_A_arc_strict|gate_D_arc_loose_bridge
formula,True,True,False,True,False,False,True,True,True,True,3,False,True,False,False,True,True,gate_A_arc_strict|gate_D_arc_loose_bridge
forward,True,True,False,True,False,False,True,True,True,True,3,False,True,False,False,True,True,gate_A_arc_strict|gate_D_arc_loose_bridge
found,True,False,True,True,False,False,True,True,True,True,3,False,True,False,False,True,True,gate_A_arc_strict|gate_D_arc_loose_bridge
framework,True,True,True,True,False,False,True,True,True,True,3,False,True,False,False,True,True,gate_A_arc_strict|gate_D_arc_loose_bridge
full,False,True,True,True,False,False,True,True,True,True,3,False,True,False,False,True,True,gate_A_arc_strict|gate_D_arc_loose_bridge
function,True,True,True,True,False,False,True,True,True,True,3,False,True,False,False,True,True,gate_A_arc_strict|gate_D_arc_loose_bridge
functions,True,False,True,True,False,False,True,True,True,True,3,False,True,False,False,True,True,gate_A_arc_strict|gate_D_arc_loose_bridge
further,True,True,True,True,False,False,True,True,True,True,3,False,True,False,False,True,True,gate_A_arc_strict|gate_D_arc_loose_bridge
generate,True,True,True,True,False,False,True,True,True,True,3,False,True,False,False,True,True,gate_A_arc_strict|gate_D_arc_loose_bridge
get,True,False,False,True,False,False,True,True,True,True,3,False,True,False,False,True,True,gate_A_arc_strict|gate_D_arc_loose_bridge
given,False,True,False,True,False,False,True,True,True,True,3,False,True,False,False,True,True,gate_A_arc_strict|gate_D_arc_loose_bridge
golden,False,True,True,True,False,False,True,True,True,True,3,False,True,False,False,True,True,gate_A_arc_strict|gate_D_arc_loose_bridge
graph,False,True,True,True,False,False,True,True,True,True,3,False,True,False,False,True,True,gate_A_arc_strict|gate_D_arc_loose_bridge
has,False,True,False,True,False,False,True,True,True,True,3,False,True,False,False,True,True,gate_A_arc_strict|gate_D_arc_loose_bridge
hash,True,True,False,True,False,False,True,True,True,True,3,False,True,False,False,True,True,gate_A_arc_strict|gate_D_arc_loose_bridge
high,True,True,True,True,False,False,True,True,True,True,3,False,True,False,False,True,True,gate_A_arc_strict|gate_D_arc_loose_bridge
hodge,False,True,False,True,False,False,True,True,True,True,3,False,True,False,False,True,True,gate_A_arc_strict|gate_D_arc_loose_bridge
hypothesis,True,True,True,True,False,False,True,True,True,True,3,False,True,False,False,True,True,gate_A_arc_strict|gate_D_arc_loose_bridge
implement,False,True,True,True,False,False,True,True,True,True,3,False,True,False,False,True,True,gate_A_arc_strict|gate_D_arc_loose_bridge
include,False,False,True,True,False,False,True,True,True,True,3,False,True,False,False,True,True,gate_A_arc_strict|gate_D_arc_loose_bridge
initialize,False,True,True,True,False,False,True,True,True,True,3,False,True,False,False,True,True,gate_A_arc_strict|gate_D_arc_loose_bridge
insights,False,True,False,True,False,False,True,True,True,True,3,False,True,False,False,True,True,gate_A_arc_strict|gate_D_arc_loose_bridge
interaction,False,False,False,True,False,False,True,True,True,True,3,False,False,False,False,True,True,gate_D_arc_loose_bridge
is_valid_permutation,False,True,False,True,False,False,True,True,True,True,3,False,True,False,False,True,True,gate_A_arc_strict|gate_D_arc_loose_bridge
item,False,True,True,True,False,False,True,True,True,True,3,False,True,False,False,True,True,gate_A_arc_strict|gate_D_arc_loose_bridge
k-mer,False,True,True,True,False,False,True,True,True,True,3,False,True,False,False,True,True,gate_A_arc_strict|gate_D_arc_loose_bridge
key,True,False,False,True,False,False,True,True,True,True,3,False,True,False,False,True,True,gate_A_arc_strict|gate_D_arc_loose_bridge
knowledge,True,False,False,True,False,False,True,True,True,True,3,False,True,False,False,True,True,gate_A_arc_strict|gate_D_arc_loose_bridge
lambda,True,True,True,True,False,False,True,True,True,True,3,False,True,False,False,True,True,gate_A_arc_strict|gate_D_arc_loose_bridge
laminate,False,True,False,True,False,False,True,True,True,True,3,False,True,False,False,True,True,gate_A_arc_strict|gate_D_arc_loose_bridge
law,False,True,True,True,False,False,True,True,True,True,3,False,True,False,False,True,True,gate_A_arc_strict|gate_D_arc_loose_bridge
len,False,True,True,True,False,False,True,True,True,True,3,False,True,False,False,True,True,gate_A_arc_strict|gate_D_arc_loose_bridge
limbo_list,False,False,True,True,False,False,True,True,True,True,3,False,True,False,False,True,True,gate_A_arc_strict|gate_D_arc_loose_bridge
linalg,False,True,True,True,False,False,True,True,True,True,3,False,True,False,False,True,True,gate_A_arc_strict|gate_D_arc_loose_bridge
log,False,True,False,True,False,False,True,True,True,True,3,False,True,False,False,True,True,gate_A_arc_strict|gate_D_arc_loose_bridge
logger,False,False,False,True,False,False,True,True,True,True,3,False,False,False,False,True,True,gate_D_arc_loose_bridge
logic,False,True,True,True,False,False,True,True,True,True,3,False,True,False,False,True,True,gate_A_arc_strict|gate_D_arc_loose_bridge
map,False,True,True,True,False,False,True,True,True,True,3,False,True,False,False,True,True,gate_A_arc_strict|gate_D_arc_loose_bridge
mass,True,True,False,True,False,False,True,True,True,True,3,False,True,False,False,True,True,gate_A_arc_strict|gate_D_arc_loose_bridge
math,False,False,True,True,False,False,True,True,True,True,3,False,True,False,False,True,True,gate_A_arc_strict|gate_D_arc_loose_bridge
me,False,False,True,True,False,False,True,True,True,True,3,False,True,False,False,True,True,gate_A_arc_strict|gate_D_arc_loose_bridge
method,True,False,True,True,False,False,True,True,True,True,3,False,True,False,False,True,True,gate_A_arc_strict|gate_D_arc_loose_bridge
methods,False,True,True,True,False,False,True,True,True,True,3,False,True,False,False,True,True,gate_A_arc_strict|gate_D_arc_loose_bridge
metrics,True,True,True,True,False,False,True,True,True,True,3,False,True,False,False,True,True,gate_A_arc_strict|gate_D_arc_loose_bridge
min,False,False,True,True,False,False,True,True,True,True,3,False,True,False,False,True,True,gate_A_arc_strict|gate_D_arc_loose_bridge
missing,True,True,True,True,False,False,True,True,True,True,3,False,True,False,False,True,True,gate_A_arc_strict|gate_D_arc_loose_bridge
moderate,False,False,False,True,False,False,True,True,True,True,3,False,False,False,False,True,True,gate_D_arc_loose_bridge
most,False,False,True,True,False,False,True,True,True,True,3,False,True,False,False,True,True,gate_A_arc_strict|gate_D_arc_loose_bridge
name__,False,True,True,True,False,False,True,True,True,True,3,False,True,False,False,True,True,gate_A_arc_strict|gate_D_arc_loose_bridge
needed,True,False,False,True,False,False,True,True,True,True,3,False,True,False,False,True,True,gate_A_arc_strict|gate_D_arc_loose_bridge
next,True,True,False,True,False,False,True,True,True,True,3,False,True,False,False,True,True,gate_A_arc_strict|gate_D_arc_loose_bridge
no,True,True,True,True,False,False,True,True,True,True,3,False,True,False,False,True,True,gate_A_arc_strict|gate_D_arc_loose_bridge
not,True,False,True,True,False,False,True,True,True,True,3,False,True,False,False,True,True,gate_A_arc_strict|gate_D_arc_loose_bridge
np,True,True,True,True,False,False,True,True,True,True,3,False,True,False,False,True,True,gate_A_arc_strict|gate_D_arc_loose_bridge
objective,False,True,True,True,False,False,True,True,True,True,3,False,True,False,False,True,True,gate_A_arc_strict|gate_D_arc_loose_bridge
or,False,True,True,True,False,False,True,True,True,True,3,False,True,False,False,True,True,gate_A_arc_strict|gate_D_arc_loose_bridge
parity,False,False,True,True,False,False,True,True,True,True,3,False,True,False,False,True,True,gate_A_arc_strict|gate_D_arc_loose_bridge
performance,False,False,True,True,False,False,True,True,True,True,3,False,True,False,False,True,True,gate_A_arc_strict|gate_D_arc_loose_bridge
perm,False,True,False,True,False,False,True,True,True,True,3,False,True,False,False,True,True,gate_A_arc_strict|gate_D_arc_loose_bridge
permutation,False,False,True,True,False,False,True,True,True,True,3,False,True,False,False,True,True,gate_A_arc_strict|gate_D_arc_loose_bridge
permutations,False,False,True,True,False,False,True,True,True,True,3,False,True,False,False,True,True,gate_A_arc_strict|gate_D_arc_loose_bridge
potential,True,True,True,True,False,False,True,True,True,True,3,False,True,False,False,True,True,gate_A_arc_strict|gate_D_arc_loose_bridge
preservation,True,False,False,True,False,False,True,True,True,True,3,False,True,False,False,True,True,gate_A_arc_strict|gate_D_arc_loose_bridge
priority,True,True,True,True,False,False,True,True,True,True,3,False,True,False,False,True,True,gate_A_arc_strict|gate_D_arc_loose_bridge
progress,True,True,True,True,False,False,True,True,True,True,3,False,True,False,False,True,True,gate_A_arc_strict|gate_D_arc_loose_bridge
proof,True,False,True,True,False,False,True,True,True,True,3,False,True,False,False,True,True,gate_A_arc_strict|gate_D_arc_loose_bridge
py,False,True,True,True,False,False,True,True,True,True,3,False,True,False,False,True,True,gate_A_arc_strict|gate_D_arc_loose_bridge
pytest,False,True,True,True,False,False,True,True,True,True,3,False,True,False,False,True,True,gate_A_arc_strict|gate_D_arc_loose_bridge
quantum,False,True,True,True,False,False,True,True,True,True,3,False,True,False,False,True,True,gate_A_arc_strict|gate_D_arc_loose_bridge
ratio,False,False,True,True,False,False,True,True,True,True,3,False,True,False,False,True,True,gate_A_arc_strict|gate_D_arc_loose_bridge
re,False,False,False,True,False,False,True,True,True,True,3,False,False,False,False,True,True,gate_D_arc_loose_bridge
real,False,True,False,True,False,False,True,True,True,True,3,False,True,False,False,True,True,gate_A_arc_strict|gate_D_arc_loose_bridge
recursive,False,True,False,True,False,False,True,True,True,True,3,False,True,False,False,True,True,gate_A_arc_strict|gate_D_arc_loose_bridge
reference_channels,False,True,True,True,False,False,True,True,True,True,3,False,True,False,False,True,True,gate_A_arc_strict|gate_D_arc_loose_bridge
refine,True,True,False,True,False,False,True,True,True,True,3,False,True,False,False,True,True,gate_A_arc_strict|gate_D_arc_loose_bridge
representation,True,True,False,True,False,False,True,True,True,True,3,False,True,False,False,True,True,gate_A_arc_strict|gate_D_arc_loose_bridge
representations,True,True,False,True,False,False,True,True,True,True,3,False,True,False,False,True,True,gate_A_arc_strict|gate_D_arc_loose_bridge
result,True,False,True,True,False,False,True,True,True,True,3,False,True,False,False,True,True,gate_A_arc_strict|gate_D_arc_loose_bridge
roots,False,True,True,True,False,False,True,True,True,True,3,False,True,False,False,True,True,gate_A_arc_strict|gate_D_arc_loose_bridge
rules,False,True,True,True,False,False,True,True,True,True,3,False,True,False,False,True,True,gate_A_arc_strict|gate_D_arc_loose_bridge
run,False,False,True,True,False,False,True,True,True,True,3,False,True,False,False,True,True,gate_A_arc_strict|gate_D_arc_loose_bridge
said,False,True,True,True,False,False,True,True,True,True,3,False,True,False,False,True,True,gate_A_arc_strict|gate_D_arc_loose_bridge
scale,False,True,True,True,False,False,True,True,True,True,3,False,True,False,False,True,True,gate_A_arc_strict|gate_D_arc_loose_bridge
score,False,False,True,True,False,False,True,True,True,True,3,False,True,False,False,True,True,gate_A_arc_strict|gate_D_arc_loose_bridge
scores,False,True,False,True,False,False,True,True,True,True,3,False,True,False,False,True,True,gate_A_arc_strict|gate_D_arc_loose_bridge
segment,False,True,True,True,False,False,True,True,True,True,3,False,True,False,False,True,True,gate_A_arc_strict|gate_D_arc_loose_bridge
self,True,True,True,True,False,False,True,True,True,True,3,False,True,False,False,True,True,gate_A_arc_strict|gate_D_arc_loose_bridge
separation,True,False,True,True,False,False,True,True,True,True,3,False,True,False,False,True,True,gate_A_arc_strict|gate_D_arc_loose_bridge
setup,True,True,False,True,False,False,True,True,True,True,3,False,True,False,False,True,True,gate_A_arc_strict|gate_D_arc_loose_bridge
shell,True,True,False,True,False,False,True,True,True,True,3,False,True,False,False,True,True,gate_A_arc_strict|gate_D_arc_loose_bridge
show,False,False,True,True,False,False,True,True,True,True,3,False,True,False,False,True,True,gate_A_arc_strict|gate_D_arc_loose_bridge
signs,False,True,True,True,False,False,True,True,True,True,3,False,True,False,False,True,True,gate_A_arc_strict|gate_D_arc_loose_bridge
size,False,True,True,True,False,False,True,True,True,True,3,False,True,False,False,True,True,gate_A_arc_strict|gate_D_arc_loose_bridge
solution,False,True,True,True,False,False,True,True,True,True,3,False,True,False,False,True,True,gate_A_arc_strict|gate_D_arc_loose_bridge
specific,False,False,True,True,False,False,True,True,True,True,3,False,True,False,False,True,True,gate_A_arc_strict|gate_D_arc_loose_bridge
sqrt,True,False,False,True,False,False,True,True,True,True,3,False,True,False,False,True,True,gate_A_arc_strict|gate_D_arc_loose_bridge
start_time,False,True,False,True,False,False,True,True,True,True,3,False,True,False,False,True,True,gate_A_arc_strict|gate_D_arc_loose_bridge
state,False,False,False,True,False,False,True,True,True,True,3,False,False,False,False,True,True,gate_D_arc_loose_bridge
status,False,True,False,True,False,False,True,True,True,True,3,False,True,False,False,True,True,gate_A_arc_strict|gate_D_arc_loose_bridge
storage,True,True,True,True,False,False,True,True,True,True,3,False,True,False,False,True,True,gate_A_arc_strict|gate_D_arc_loose_bridge
strong,True,False,False,True,False,False,True,True,True,True,3,False,True,False,False,True,True,gate_A_arc_strict|gate_D_arc_loose_bridge
structures,True,True,False,True,False,False,True,True,True,True,3,False,True,False,False,True,True,gate_A_arc_strict|gate_D_arc_loose_bridge
systematic,False,True,True,True,False,False,True,True,True,True,3,False,True,False,False,True,True,gate_A_arc_strict|gate_D_arc_loose_bridge
tasks,False,False,True,True,False,False,True,True,True,True,3,False,True,False,False,True,True,gate_A_arc_strict|gate_D_arc_loose_bridge
tested,False,True,True,True,False,False,True,True,True,True,3,False,True,False,False,True,True,gate_A_arc_strict|gate_D_arc_loose_bridge
testing,False,True,True,True,False,False,True,True,True,True,3,False,True,False,False,True,True,gate_A_arc_strict|gate_D_arc_loose_bridge
tests,False,False,True,True,False,False,True,True,True,True,3,False,True,False,False,True,True,gate_A_arc_strict|gate_D_arc_loose_bridge
them,False,True,True,True,False,False,True,True,True,True,3,False,True,False,False,True,True,gate_A_arc_strict|gate_D_arc_loose_bridge
theorem,False,True,False,True,False,False,True,True,True,True,3,False,True,False,False,True,True,gate_A_arc_strict|gate_D_arc_loose_bridge
theory,False,True,False,True,False,False,True,True,True,True,3,False,True,False,False,True,True,gate_A_arc_strict|gate_D_arc_loose_bridge
these,False,True,False,True,False,False,True,True,True,True,3,False,True,False,False,True,True,gate_A_arc_strict|gate_D_arc_loose_bridge
three,True,False,True,True,False,False,True,True,True,True,3,False,True,False,False,True,True,gate_A_arc_strict|gate_D_arc_loose_bridge
traversal,False,True,True,True,False,False,True,True,True,True,3,False,True,False,False,True,True,gate_A_arc_strict|gate_D_arc_loose_bridge
truth,False,False,False,True,False,False,True,True,True,True,3,False,False,False,False,True,True,gate_D_arc_loose_bridge
tuple,False,True,False,True,False,False,True,True,True,True,3,False,True,False,False,True,True,gate_A_arc_strict|gate_D_arc_loose_bridge
turn,False,True,False,True,False,False,True,True,True,True,3,False,True,False,False,True,True,gate_A_arc_strict|gate_D_arc_loose_bridge
type,False,True,False,True,False,False,True,True,True,True,3,False,True,False,False,True,True,gate_A_arc_strict|gate_D_arc_loose_bridge
universal,True,False,True,True,False,False,True,True,True,True,3,False,True,False,False,True,True,gate_A_arc_strict|gate_D_arc_loose_bridge
until,True,True,True,True,False,False,True,True,True,True,3,False,True,False,False,True,True,gate_A_arc_strict|gate_D_arc_loose_bridge
used,False,True,False,True,False,False,True,True,True,True,3,False,True,False,False,True,True,gate_A_arc_strict|gate_D_arc_loose_bridge
validation,True,True,True,True,False,False,True,True,True,True,3,False,True,False,False,True,True,gate_A_arc_strict|gate_D_arc_loose_bridge
validator,True,False,True,True,False,False,True,True,True,True,3,False,True,False,False,True,True,gate_A_arc_strict|gate_D_arc_loose_bridge
value,True,True,True,True,False,False,True,True,True,True,3,False,True,False,False,True,True,gate_A_arc_strict|gate_D_arc_loose_bridge
variety,True,True,True,True,False,False,True,True,True,True,3,False,True,False,False,True,True,gate_A_arc_strict|gate_D_arc_loose_bridge
ve,True,True,True,True,False,False,True,True,True,True,3,False,True,False,False,True,True,gate_A_arc_strict|gate_D_arc_loose_bridge
vector,True,False,True,True,False,False,True,True,True,True,3,False,True,False,False,True,True,gate_A_arc_strict|gate_D_arc_loose_bridge
vs,True,True,True,True,False,False,True,True,True,True,3,False,True,False,False,True,True,gate_A_arc_strict|gate_D_arc_loose_bridge
was,True,True,False,True,False,False,True,True,True,True,3,False,True,False,False,True,True,gate_A_arc_strict|gate_D_arc_loose_bridge
weights,True,False,True,True,False,False,True,True,True,True,3,False,True,False,False,True,True,gate_A_arc_strict|gate_D_arc_loose_bridge
what,False,False,True,True,False,False,True,True,True,True,3,False,True,False,False,True,True,gate_A_arc_strict|gate_D_arc_loose_bridge
when,False,True,False,True,False,False,True,True,True,True,3,False,True,False,False,True,True,gate_A_arc_strict|gate_D_arc_loose_bridge
why,False,False,False,True,False,False,True,True,True,True,3,False,False,False,False,True,True,gate_D_arc_loose_bridge
will,False,True,True,True,False,False,True,True,True,True,3,False,True,False,False,True,True,gate_A_arc_strict|gate_D_arc_loose_bridge
winner,True,True,True,True,False,False,True,True,True,True,3,False,True,False,False,True,True,gate_A_arc_strict|gate_D_arc_loose_bridge
winners,True,False,True,True,False,False,True,True,True,True,3,False,True,False,False,True,True,gate_A_arc_strict|gate_D_arc_loose_bridge
work,True,True,True,True,False,False,True,True,True,True,3,False,True,False,False,True,True,gate_A_arc_strict|gate_D_arc_loose_bridge
would,True,True,True,True,False,False,True,True,True,True,3,False,True,False,False,True,True,gate_A_arc_strict|gate_D_arc_loose_bridge
write,False,True,True,True,False,False,True,True,True,True,3,False,True,False,False,True,True,gate_A_arc_strict|gate_D_arc_loose_bridge
yang-mills,False,False,True,True,False,False,True,True,True,True,3,False,True,False,False,True,True,gate_A_arc_strict|gate_D_arc_loose_bridge
year,False,False,False,True,False,False,True,True,True,True,3,False,False,False,False,True,True,gate_D_arc_loose_bridge
yes,False,True,False,True,False,False,True,True,True,True,3,False,True,False,False,True,True,gate_A_arc_strict|gate_D_arc_loose_bridge
you,False,True,False,True,False,False,True,True,True,True,3,False,True,False,False,True,True,gate_A_arc_strict|gate_D_arc_loose_bridge
