token,deg,reconnections,recon_cat,recon_gain,w_pre_sum,w_post_sum,gain_ratio,Δlambda2,Δmdl,post_lambda2,post_triad,post_size,band8_old,mod24_old,band8_new,mod24_new,Δband,Δmod24,H_pre,H_post,ΔH,C_pre,C_post,ΔC,mod24,band8,lambda_gain,mdl_gain,braid_simpl,reconn_any,s_gain_ratio,s_dlam,s_mdl,closure_index,in_topq_m24,in_topq_b8,stage0,stage1,stage2,stage3,stage4,stage5,evidence_tier,formal_certified,formal_certified_v2
11,1,0,0,0,0.7201942724441152,0.5401457043330864,0.75,,,,0.0,,,,,,,,,,,,,,0,0,True,True,True,False,0.0,0.0,0.0,0.4499999999999999,True,False,1,1,1,1,0,0,PROVEN,False,False
20,2,0,0,0,1.4403885448882303,1.0802914086661728,0.75,,,,0.0,,,,,,,,,,,,,,0,0,True,True,True,False,0.0,0.0,0.0,0.4499999999999999,True,False,1,1,1,1,0,0,PROVEN,False,False
25,1,0,0,0,0.7201942724441152,0.5401457043330864,0.75,,,,0.0,,,,,,,,,,,,,,0,0,True,True,True,False,0.0,0.0,0.0,0.4499999999999999,True,False,1,1,1,1,0,0,PROVEN,False,False
30,1,0,0,0,0.7201942724441152,0.5401457043330864,0.75,,,,0.0,,,,,,,,,,,,,,0,0,True,True,True,False,0.0,0.0,0.0,0.4499999999999999,True,False,1,1,1,1,0,0,PROVEN,False,False
3f,1,0,0,0,0.7201942724441152,0.5401457043330864,0.75,,,,0.0,,,,,,,,,,,,,,0,0,True,True,True,False,0.0,0.0,0.0,0.4499999999999999,True,False,1,1,1,1,0,0,PROVEN,False,False
4f,1,0,0,0,0.7201942724441152,0.5401457043330864,0.75,,,,0.0,,,,,,,,,,,,,,0,0,True,True,True,False,0.0,0.0,0.0,0.4499999999999999,True,False,1,1,1,1,0,0,PROVEN,False,False
60,1,0,0,0,0.7201942724441152,0.5401457043330864,0.75,,,,0.0,,,,,,,,,,,,,,0,0,True,True,True,False,0.0,0.0,0.0,0.4499999999999999,True,False,1,1,1,1,0,0,PROVEN,False,False
CATALOG_NIEMEIER_24,11,0,0,0,7.922136996885267,5.94160274766395,0.75,0.0,0.0,0.0027573791151482,0.0,128.0,7.0,10.0,7.0,10.0,0.0,0.0,0.0,0.0,0.0,0.0,0.0,0.0,10,7,True,True,True,False,0.0,0.0,0.0,0.4499999999999999,True,True,1,1,1,1,0,0,PROVEN,False,False
CODE_GOLAY_EXTENDED,11,0,0,0,7.922136996885267,5.94160274766395,0.75,0.0,0.0,0.0027573791151482,0.0,128.0,7.0,10.0,7.0,10.0,0.0,0.0,0.0,0.0,0.0,0.0,0.0,0.0,10,7,True,True,True,False,0.0,0.0,0.0,0.4499999999999999,True,True,1,1,1,1,0,0,PROVEN,False,False
CONSTRUCTION_A_TEMPLATE,11,0,0,0,7.922136996885267,5.94160274766395,0.75,0.0,0.0,0.0014230332182683,0.0,158.0,6.0,1.0,6.0,1.0,0.0,0.0,0.0,0.0,0.0,0.0,0.0,0.0,1,6,True,True,True,False,0.0,0.0,0.0,0.4499999999999999,True,False,1,1,1,1,0,0,PROVEN,False,False
CONWAY_GROUPS_AUT_LEECH,11,0,0,0,7.922136996885267,5.94160274766395,0.75,0.0,0.0,0.0030936499884221,0.0,143.0,4.0,1.0,4.0,1.0,0.0,0.0,0.0,0.0,0.0,0.0,0.0,0.0,1,4,True,True,True,False,0.0,0.0,0.0,0.4499999999999999,True,False,1,1,1,1,0,0,PROVEN,False,False
DEEPPHOLE_LEECH_23_ORBITS,11,0,0,0,7.922136996885267,5.94160274766395,0.75,0.0,0.0,0.0024837172491288,0.0,145.0,1.0,5.0,1.0,5.0,0.0,0.0,0.0,0.0,0.0,0.0,0.0,0.0,5,1,True,True,True,False,0.0,0.0,0.0,0.4499999999999999,True,False,1,1,1,1,0,0,PROVEN,False,False
E8_ROOT_SYSTEM_240,11,0,0,0,7.922136996885267,5.94160274766395,0.75,0.0,0.0,0.0004516110220718,0.0,160.0,4.0,7.0,4.0,7.0,0.0,0.0,0.0,0.0,0.0,0.0,0.0,0.0,7,4,True,True,True,False,0.0,0.0,0.0,0.4499999999999999,True,False,1,1,1,1,0,0,PROVEN,False,False
E8_THETA_WEIGHT4,11,0,0,0,7.922136996885267,5.94160274766395,0.75,0.0,0.0,0.0018488333574248,0.0181818181818181,203.0,7.0,17.0,7.0,17.0,0.0,0.0,0.0,0.0,0.0,0.0,0.0,0.0,17,7,True,True,True,False,0.0,0.0,0.0,0.4518181818181818,True,True,1,1,1,1,0,0,PROVEN,False,False
GROTH_SHEAF_GLUE,11,0,0,0,7.922136996885267,5.94160274766395,0.75,0.0,0.0,0.000981666885014,0.0,128.0,1.0,22.0,1.0,22.0,0.0,0.0,0.0,0.0,0.0,0.0,0.0,0.0,22,1,True,True,True,False,0.0,0.0,0.0,0.4499999999999999,True,False,1,1,1,1,0,0,PROVEN,False,False
HODGE_SPLIT_GRAPH,11,0,0,0,7.922136996885267,5.94160274766395,0.75,0.0,0.0,0.0007000943464527,0.0,147.0,6.0,7.0,6.0,7.0,0.0,0.0,0.0,0.0,0.0,0.0,0.0,0.0,7,6,True,True,True,False,0.0,0.0,0.0,0.4499999999999999,True,False,1,1,1,1,0,0,PROVEN,False,False
II_25_1_LORENTZ_CUT,11,0,0,0,7.922136996885267,5.94160274766395,0.75,0.0,0.0,0.0040291925937436,0.0,160.0,3.0,17.0,3.0,17.0,0.0,0.0,0.0,0.0,0.0,0.0,0.0,0.0,17,3,True,True,True,False,0.0,0.0,0.0,0.4499999999999999,True,True,1,1,1,1,0,0,PROVEN,False,False
KOL_MDL_DELTA,11,0,0,0,7.922136996885267,5.94160274766395,0.75,0.0,0.0,0.0012854478304392,0.0181818181818181,174.0,7.0,18.0,7.0,18.0,0.0,0.0,0.0,0.0,0.0,0.0,0.0,0.0,18,7,True,True,True,False,0.0,0.0,0.0,0.4518181818181818,True,True,1,1,1,1,0,0,PROVEN,False,False
LAMINATED_LATTICES_SEQ,11,0,0,0,7.922136996885267,6.12165131577498,0.7727272727272728,0.0,0.0,0.0004510303390379,0.0,206.0,1.0,2.0,1.0,2.0,0.0,0.0,0.0,0.0,0.0,0.0,0.0,0.0,2,1,True,True,True,False,0.0,0.0,0.0,0.4499999999999999,True,False,1,1,1,1,0,0,PROVEN,False,False
LEECH_MIN_SHELL_196560,11,0,0,0,7.922136996885267,5.94160274766395,0.75,0.0,0.0,0.0072771605761859,0.0,124.0,1.0,3.0,1.0,3.0,0.0,0.0,0.0,0.0,0.0,0.0,0.0,0.0,3,1,True,True,True,False,0.0,0.0,0.0,0.4499999999999999,True,False,1,1,1,1,0,0,PROVEN,False,False
LEECH_NO_ROOTS_MIN4,11,0,0,0,7.922136996885267,5.94160274766395,0.75,0.0,0.0,0.002160372803655,0.0,193.0,6.0,22.0,6.0,22.0,0.0,0.0,0.0,0.0,0.0,0.0,0.0,0.0,22,6,True,True,True,False,0.0,0.0,0.0,0.4499999999999999,True,False,1,1,1,1,0,0,PROVEN,False,False
NOETHER_CONSERVATION,11,0,0,0,7.922136996885267,5.94160274766395,0.75,0.0,0.0,0.005478976672442,0.0,167.0,7.0,16.0,7.0,16.0,0.0,0.0,0.0,0.0,0.0,0.0,0.0,0.0,16,7,True,True,True,False,0.0,0.0,0.0,0.4499999999999999,True,True,1,1,1,1,0,0,PROVEN,False,False
PARITY_64BIT_LANES,11,0,0,0,7.922136996885267,5.94160274766395,0.75,0.0,0.0,0.0015261334546472,0.0,113.0,3.0,15.0,3.0,15.0,0.0,0.0,0.0,0.0,0.0,0.0,0.0,0.0,15,3,True,True,True,False,0.0,0.0,0.0,0.4499999999999999,True,True,1,1,1,1,0,0,PROVEN,False,False
PROOF_E8_DENSEST_AM2017,11,0,0,0,7.922136996885267,6.12165131577498,0.7727272727272728,0.0,0.0,0.0010477013556339,0.0,98.0,4.0,11.0,4.0,11.0,0.0,0.0,0.0,0.0,0.0,0.0,0.0,0.0,11,4,True,True,True,False,0.0,0.0,0.0,0.4499999999999999,True,False,1,1,1,1,0,0,PROVEN,False,False
PROOF_LEECH_DENSEST_AM2017,11,0,0,0,7.922136996885267,5.94160274766395,0.75,0.0,0.0,0.0015801287655393,0.0,149.0,1.0,15.0,1.0,15.0,0.0,0.0,0.0,0.0,0.0,0.0,0.0,0.0,15,1,True,True,True,False,0.0,0.0,0.0,0.4499999999999999,True,False,1,1,1,1,0,0,PROVEN,False,False
PROOF_UNIVERSAL_OPTIMALITY_AM2022,11,0,0,0,7.922136996885267,5.94160274766395,0.75,0.0,0.0,0.0012411750285463,0.0,72.0,5.0,21.0,5.0,21.0,0.0,0.0,0.0,0.0,0.0,0.0,0.0,0.0,21,5,True,True,True,False,0.0,0.0,0.0,0.4499999999999999,True,False,1,1,1,1,0,0,PROVEN,False,False
SMT_GODEL_GATES,11,0,0,0,7.922136996885267,5.94160274766395,0.75,0.0,0.0,0.0019195124947036,0.0,325.0,3.0,6.0,3.0,6.0,0.0,0.0,0.0,0.0,0.0,0.0,0.0,0.0,6,3,True,True,True,False,0.0,0.0,0.0,0.4499999999999999,True,True,1,1,1,1,0,0,PROVEN,False,False
SPECTRAL_GAP_RAYLEIGH,11,0,0,0,7.922136996885267,5.94160274766395,0.75,0.0,0.0,0.0035679771158582,0.0,140.0,7.0,13.0,7.0,13.0,0.0,0.0,0.0,0.0,0.0,0.0,0.0,0.0,13,7,True,True,True,False,0.0,0.0,0.0,0.4499999999999999,True,True,1,1,1,1,0,0,PROVEN,False,False
TURYN_3xE8_TO_LEECH,11,0,0,0,7.922136996885267,5.94160274766395,0.75,0.0,0.0,0.0015219610508531,0.0,148.0,1.0,19.0,1.0,19.0,0.0,0.0,0.0,0.0,0.0,0.0,0.0,0.0,19,1,True,True,True,False,0.0,0.0,0.0,0.4499999999999999,True,False,1,1,1,1,0,0,PROVEN,False,False
UQ_CONFORMAL_90COVERAGE,11,0,0,0,7.922136996885267,5.94160274766395,0.75,0.0,0.0,0.0051039807344542,0.0,170.0,3.0,7.0,3.0,7.0,0.0,0.0,0.0,0.0,0.0,0.0,0.0,0.0,7,3,True,True,True,False,0.0,0.0,0.0,0.4499999999999999,True,True,1,1,1,1,0,0,PROVEN,False,False
WAVELET_FOURIER_SLICE,11,0,0,0,7.922136996885267,5.94160274766395,0.75,0.0,0.0,0.0014931783806052,0.0,87.0,3.0,3.0,3.0,3.0,0.0,0.0,0.0,0.0,0.0,0.0,0.0,0.0,3,3,True,True,True,False,0.0,0.0,0.0,0.4499999999999999,True,True,1,1,1,1,0,0,PROVEN,False,False
about,1,0,0,0,0.7201942724441152,0.5401457043330864,0.75,,,,0.0,,,,,,,,,,,,,,0,0,True,True,True,False,0.0,0.0,0.0,0.4499999999999999,True,False,1,1,1,1,0,0,PROVEN,False,False
abs,1,0,0,0,0.7201942724441152,0.5401457043330864,0.75,,,,0.0,,,,,,,,,,,,,,0,0,True,True,True,False,0.0,0.0,0.0,0.4499999999999999,True,False,1,1,1,1,0,0,PROVEN,False,False
across,1,0,0,0,0.7201942724441152,0.5401457043330864,0.75,,,,0.0,,,,,,,,,,,,,,0,0,True,True,True,False,0.0,0.0,0.0,0.4499999999999999,True,False,1,1,1,1,0,0,PROVEN,False,False
act,2,0,0,0,1.4403885448882303,1.0802914086661728,0.75,,,,0.0,,,,,,,,,,,,,,0,0,True,True,True,False,0.0,0.0,0.0,0.4499999999999999,True,False,1,1,1,1,0,0,PROVEN,False,False
action,2,0,0,0,1.4403885448882303,1.0802914086661728,0.75,,,,0.0,,,,,,,,,,,,,,0,0,True,True,True,False,0.0,0.0,0.0,0.4499999999999999,True,False,1,1,1,1,0,0,PROVEN,False,False
add,1,0,0,0,0.7201942724441152,0.5401457043330864,0.75,,,,0.0,,,,,,,,,,,,,,0,0,True,True,True,False,0.0,0.0,0.0,0.4499999999999999,True,False,1,1,1,1,0,0,PROVEN,False,False
additional,1,0,0,0,0.7201942724441152,0.5401457043330864,0.75,,,,0.0,,,,,,,,,,,,,,0,0,True,True,True,False,0.0,0.0,0.0,0.4499999999999999,True,False,1,1,1,1,0,0,PROVEN,False,False
after,2,0,0,0,1.4403885448882303,1.0802914086661728,0.75,,,,0.0,,,,,,,,,,,,,,0,0,True,True,True,False,0.0,0.0,0.0,0.4499999999999999,True,False,1,1,1,1,0,0,PROVEN,False,False
also,1,0,0,0,0.7201942724441152,0.5401457043330864,0.75,,,,0.0,,,,,,,,,,,,,,0,0,True,True,True,False,0.0,0.0,0.0,0.4499999999999999,True,False,1,1,1,1,0,0,PROVEN,False,False
an,2,0,0,0,1.4403885448882303,1.0802914086661728,0.75,,,,0.0,,,,,,,,,,,,,,0,0,True,True,True,False,0.0,0.0,0.0,0.4499999999999999,True,False,1,1,1,1,0,0,PROVEN,False,False
analyze,1,0,0,0,0.7201942724441152,0.5401457043330864,0.75,,,,0.0,,,,,,,,,,,,,,0,0,True,True,True,False,0.0,0.0,0.0,0.4499999999999999,True,False,1,1,1,1,0,0,PROVEN,False,False
applications,1,0,0,0,0.7201942724441152,0.5401457043330864,0.75,,,,0.0,,,,,,,,,,,,,,0,0,True,True,True,False,0.0,0.0,0.0,0.4499999999999999,True,False,1,1,1,1,0,0,PROVEN,False,False
are,1,0,0,0,0.7201942724441152,0.5401457043330864,0.75,,,,0.0,,,,,,,,,,,,,,0,0,True,True,True,False,0.0,0.0,0.0,0.4499999999999999,True,False,1,1,1,1,0,0,PROVEN,False,False
as,1,0,0,0,0.7201942724441152,0.5401457043330864,0.75,,,,0.0,,,,,,,,,,,,,,0,0,True,True,True,False,0.0,0.0,0.0,0.4499999999999999,True,False,1,1,1,1,0,0,PROVEN,False,False
atom,3,0,0,0,2.1605828173323456,1.6204371129992592,0.75,,,,0.0,,,,,,,,,,,,,,0,0,True,True,True,False,0.0,0.0,0.0,0.4499999999999999,True,False,1,1,1,1,0,0,PROVEN,False,False
available,1,0,0,0,0.7201942724441152,0.5401457043330864,0.75,,,,0.0,,,,,,,,,,,,,,0,0,True,True,True,False,0.0,0.0,0.0,0.4499999999999999,True,False,1,1,1,1,0,0,PROVEN,False,False
ax1,1,0,0,0,0.7201942724441152,0.5401457043330864,0.75,,,,0.0,,,,,,,,,,,,,,0,0,True,True,True,False,0.0,0.0,0.0,0.4499999999999999,True,False,1,1,1,1,0,0,PROVEN,False,False
base,1,0,0,0,0.7201942724441152,0.5401457043330864,0.75,,,,0.0,,,,,,,,,,,,,,0,0,True,True,True,False,0.0,0.0,0.0,0.4499999999999999,True,False,1,1,1,1,0,0,PROVEN,False,False
baseline,1,0,0,0,0.7201942724441152,0.5401457043330864,0.75,,,,0.0,,,,,,,,,,,,,,0,0,True,True,True,False,0.0,0.0,0.0,0.4499999999999999,True,False,1,1,1,1,0,0,PROVEN,False,False
basic,1,0,0,0,0.7201942724441152,0.5401457043330864,0.75,,,,0.0,,,,,,,,,,,,,,0,0,True,True,True,False,0.0,0.0,0.0,0.4499999999999999,True,False,1,1,1,1,0,0,PROVEN,False,False
becomes,1,0,0,0,0.7201942724441152,0.5401457043330864,0.75,,,,0.0,,,,,,,,,,,,,,0,0,True,True,True,False,0.0,0.0,0.0,0.4499999999999999,True,False,1,1,1,1,0,0,PROVEN,False,False
before,1,0,0,0,0.7201942724441152,0.5401457043330864,0.75,,,,0.0,,,,,,,,,,,,,,0,0,True,True,True,False,0.0,0.0,0.0,0.4499999999999999,True,False,1,1,1,1,0,0,PROVEN,False,False
between,1,0,0,0,0.7201942724441152,0.5401457043330864,0.75,,,,0.0,,,,,,,,,,,,,,0,0,True,True,True,False,0.0,0.0,0.0,0.4499999999999999,True,False,1,1,1,1,0,0,PROVEN,False,False
bonus,1,0,0,0,0.7201942724441152,0.5401457043330864,0.75,,,,0.0,,,,,,,,,,,,,,0,0,True,True,True,False,0.0,0.0,0.0,0.4499999999999999,True,False,1,1,1,1,0,0,PROVEN,False,False
bouncing,1,0,0,0,0.7201942724441152,0.5401457043330864,0.75,,,,0.0,,,,,,,,,,,,,,0,0,True,True,True,False,0.0,0.0,0.0,0.4499999999999999,True,False,1,1,1,1,0,0,PROVEN,False,False
by,1,0,0,0,0.7201942724441152,0.5401457043330864,0.75,,,,0.0,,,,,,,,,,,,,,0,0,True,True,True,False,0.0,0.0,0.0,0.4499999999999999,True,False,1,1,1,1,0,0,PROVEN,False,False
canvas,1,0,0,0,0.7201942724441152,0.5401457043330864,0.75,,,,0.0,,,,,,,,,,,,,,0,0,True,True,True,False,0.0,0.0,0.0,0.4499999999999999,True,False,1,1,1,1,0,0,PROVEN,False,False
capacity,1,0,0,0,0.7201942724441152,0.5401457043330864,0.75,,,,0.0,,,,,,,,,,,,,,0,0,True,True,True,False,0.0,0.0,0.0,0.4499999999999999,True,False,1,1,1,1,0,0,PROVEN,False,False
cartan,1,0,0,0,0.7201942724441152,0.5401457043330864,0.75,,,,0.0,,,,,,,,,,,,,,0,0,True,True,True,False,0.0,0.0,0.0,0.4499999999999999,True,False,1,1,1,1,0,0,PROVEN,False,False
chamber,2,0,0,0,1.4403885448882303,1.0802914086661728,0.75,,,,0.0,,,,,,,,,,,,,,0,0,True,True,True,False,0.0,0.0,0.0,0.4499999999999999,True,False,1,1,1,1,0,0,PROVEN,False,False
channels,1,0,0,0,0.7201942724441152,0.5401457043330864,0.75,,,,0.0,,,,,,,,,,,,,,0,0,True,True,True,False,0.0,0.0,0.0,0.4499999999999999,True,False,1,1,1,1,0,0,PROVEN,False,False
characteristics,2,0,0,0,1.4403885448882303,1.0802914086661728,0.75,,,,0.0,,,,,,,,,,,,,,0,0,True,True,True,False,0.0,0.0,0.0,0.4499999999999999,True,False,1,1,1,1,0,0,PROVEN,False,False
chatgpt,1,0,0,0,0.7201942724441152,0.5401457043330864,0.75,,,,0.0,,,,,,,,,,,,,,0,0,True,True,True,False,0.0,0.0,0.0,0.4499999999999999,True,False,1,1,1,1,0,0,PROVEN,False,False
color,2,0,0,0,1.4403885448882303,1.0802914086661728,0.75,,,,0.0,,,,,,,,,,,,,,0,0,True,True,True,False,0.0,0.0,0.0,0.4499999999999999,True,False,1,1,1,1,0,0,PROVEN,False,False
complete,3,0,0,0,2.1605828173323456,1.6204371129992592,0.75,,,,0.0,,,,,,,,,,,,,,0,0,True,True,True,False,0.0,0.0,0.0,0.4499999999999999,True,False,1,1,1,1,0,0,PROVEN,False,False
complex,1,0,0,0,0.7201942724441152,0.5401457043330864,0.75,,,,0.0,,,,,,,,,,,,,,0,0,True,True,True,False,0.0,0.0,0.0,0.4499999999999999,True,False,1,1,1,1,0,0,PROVEN,False,False
component,1,0,0,0,0.7201942724441152,0.5401457043330864,0.75,,,,0.0,,,,,,,,,,,,,,0,0,True,True,True,False,0.0,0.0,0.0,0.4499999999999999,True,False,1,1,1,1,0,0,PROVEN,False,False
computational,1,0,0,0,0.7201942724441152,0.5401457043330864,0.75,,,,0.0,,,,,,,,,,,,,,0,0,True,True,True,False,0.0,0.0,0.0,0.4499999999999999,True,False,1,1,1,1,0,0,PROVEN,False,False
conditions,1,0,0,0,0.7201942724441152,0.5401457043330864,0.75,,,,0.0,,,,,,,,,,,,,,0,0,True,True,True,False,0.0,0.0,0.0,0.4499999999999999,True,False,1,1,1,1,0,0,PROVEN,False,False
context,1,0,0,0,0.7201942724441152,0.5401457043330864,0.75,,,,0.0,,,,,,,,,,,,,,0,0,True,True,True,False,0.0,0.0,0.0,0.4499999999999999,True,False,1,1,1,1,0,0,PROVEN,False,False
control,1,0,0,0,0.7201942724441152,0.5401457043330864,0.75,,,,0.0,,,,,,,,,,,,,,0,0,True,True,True,False,0.0,0.0,0.0,0.4499999999999999,True,False,1,1,1,1,0,0,PROVEN,False,False
copy,1,0,0,0,0.7201942724441152,0.5401457043330864,0.75,,,,0.0,,,,,,,,,,,,,,0,0,True,True,True,False,0.0,0.0,0.0,0.4499999999999999,True,False,1,1,1,1,0,0,PROVEN,False,False
could,1,0,0,0,0.7201942724441152,0.5401457043330864,0.75,,,,0.0,,,,,,,,,,,,,,0,0,True,True,True,False,0.0,0.0,0.0,0.4499999999999999,True,False,1,1,1,1,0,0,PROVEN,False,False
creative,1,0,0,0,0.7201942724441152,0.5401457043330864,0.75,,,,0.0,,,,,,,,,,,,,,0,0,True,True,True,False,0.0,0.0,0.0,0.4499999999999999,True,False,1,1,1,1,0,0,PROVEN,False,False
criteria,1,0,0,0,0.7201942724441152,0.5401457043330864,0.75,,,,0.0,,,,,,,,,,,,,,0,0,True,True,True,False,0.0,0.0,0.0,0.4499999999999999,True,False,1,1,1,1,0,0,PROVEN,False,False
critical,1,0,0,0,0.7201942724441152,0.5401457043330864,0.75,,,,0.0,,,,,,,,,,,,,,0,0,True,True,True,False,0.0,0.0,0.0,0.4499999999999999,True,False,1,1,1,1,0,0,PROVEN,False,False
database,2,0,0,0,1.4403885448882303,1.0802914086661728,0.75,,,,0.0,,,,,,,,,,,,,,0,0,True,True,True,False,0.0,0.0,0.0,0.4499999999999999,True,False,1,1,1,1,0,0,PROVEN,False,False
de,2,0,0,0,1.4403885448882303,1.0802914086661728,0.75,,,,0.0,,,,,,,,,,,,,,0,0,True,True,True,False,0.0,0.0,0.0,0.4499999999999999,True,False,1,1,1,1,0,0,PROVEN,False,False
default,1,0,0,0,0.7201942724441152,0.5401457043330864,0.75,,,,0.0,,,,,,,,,,,,,,0,0,True,True,True,False,0.0,0.0,0.0,0.4499999999999999,True,False,1,1,1,1,0,0,PROVEN,False,False
define,1,0,0,0,0.7201942724441152,0.5401457043330864,0.75,,,,0.0,,,,,,,,,,,,,,0,0,True,True,True,False,0.0,0.0,0.0,0.4499999999999999,True,False,1,1,1,1,0,0,PROVEN,False,False
dict,1,0,0,0,0.7201942724441152,0.5401457043330864,0.75,,,,0.0,,,,,,,,,,,,,,0,0,True,True,True,False,0.0,0.0,0.0,0.4499999999999999,True,False,1,1,1,1,0,0,PROVEN,False,False
discovery,1,0,0,0,0.7201942724441152,0.5401457043330864,0.75,,,,0.0,,,,,,,,,,,,,,0,0,True,True,True,False,0.0,0.0,0.0,0.4499999999999999,True,False,1,1,1,1,0,0,PROVEN,False,False
do,1,0,0,0,0.7201942724441152,0.5401457043330864,0.75,,,,0.0,,,,,,,,,,,,,,0,0,True,True,True,False,0.0,0.0,0.0,0.4499999999999999,True,False,1,1,1,1,0,0,PROVEN,False,False
documentation,1,0,0,0,0.7201942724441152,0.5401457043330864,0.75,,,,0.0,,,,,,,,,,,,,,0,0,True,True,True,False,0.0,0.0,0.0,0.4499999999999999,True,False,1,1,1,1,0,0,PROVEN,False,False
domain_context,1,0,0,0,0.7201942724441152,0.5401457043330864,0.75,,,,0.0,,,,,,,,,,,,,,0,0,True,True,True,False,0.0,0.0,0.0,0.4499999999999999,True,False,1,1,1,1,0,0,PROVEN,False,False
dtt,1,0,0,0,0.7201942724441152,0.5401457043330864,0.75,,,,0.0,,,,,,,,,,,,,,0,0,True,True,True,False,0.0,0.0,0.0,0.4499999999999999,True,False,1,1,1,1,0,0,PROVEN,False,False
due,1,0,0,0,0.7201942724441152,0.5401457043330864,0.75,,,,0.0,,,,,,,,,,,,,,0,0,True,True,True,False,0.0,0.0,0.0,0.4499999999999999,True,False,1,1,1,1,0,0,PROVEN,False,False
during,1,0,0,0,0.7201942724441152,0.5401457043330864,0.75,,,,0.0,,,,,,,,,,,,,,0,0,True,True,True,False,0.0,0.0,0.0,0.4499999999999999,True,False,1,1,1,1,0,0,PROVEN,False,False
efficiency,1,0,0,0,0.7201942724441152,0.5401457043330864,0.75,,,,0.0,,,,,,,,,,,,,,0,0,True,True,True,False,0.0,0.0,0.0,0.4499999999999999,True,False,1,1,1,1,0,0,PROVEN,False,False
empty,1,0,0,0,0.7201942724441152,0.5401457043330864,0.75,,,,0.0,,,,,,,,,,,,,,0,0,True,True,True,False,0.0,0.0,0.0,0.4499999999999999,True,False,1,1,1,1,0,0,PROVEN,False,False
enhanced,1,0,0,0,0.7201942724441152,0.5401457043330864,0.75,,,,0.0,,,,,,,,,,,,,,0,0,True,True,True,False,0.0,0.0,0.0,0.4499999999999999,True,False,1,1,1,1,0,0,PROVEN,False,False
entire,1,0,0,0,0.7201942724441152,0.5401457043330864,0.75,,,,0.0,,,,,,,,,,,,,,0,0,True,True,True,False,0.0,0.0,0.0,0.4499999999999999,True,False,1,1,1,1,0,0,PROVEN,False,False
environment,1,0,0,0,0.7201942724441152,0.5401457043330864,0.75,,,,0.0,,,,,,,,,,,,,,0,0,True,True,True,False,0.0,0.0,0.0,0.4499999999999999,True,False,1,1,1,1,0,0,PROVEN,False,False
evidence_level,2,0,0,0,1.4403885448882303,1.0802914086661728,0.75,,,,0.0,,,,,,,,,,,,,,0,0,True,True,True,False,0.0,0.0,0.0,0.4499999999999999,True,False,1,1,1,1,0,0,PROVEN,False,False
execution,1,0,0,0,0.7201942724441152,0.5401457043330864,0.75,,,,0.0,,,,,,,,,,,,,,0,0,True,True,True,False,0.0,0.0,0.0,0.4499999999999999,True,False,1,1,1,1,0,0,PROVEN,False,False
execution_time,1,0,0,0,0.7201942724441152,0.5401457043330864,0.75,,,,0.0,,,,,,,,,,,,,,0,0,True,True,True,False,0.0,0.0,0.0,0.4499999999999999,True,False,1,1,1,1,0,0,PROVEN,False,False
existing,1,0,0,0,0.7201942724441152,0.5401457043330864,0.75,,,,0.0,,,,,,,,,,,,,,0,0,True,True,True,False,0.0,0.0,0.0,0.4499999999999999,True,False,1,1,1,1,0,0,PROVEN,False,False
exploration,1,0,0,0,0.7201942724441152,0.5401457043330864,0.75,,,,0.0,,,,,,,,,,,,,,0,0,True,True,True,False,0.0,0.0,0.0,0.4499999999999999,True,False,1,1,1,1,0,0,PROVEN,False,False
exploring,1,0,0,0,0.7201942724441152,0.5401457043330864,0.75,,,,0.0,,,,,,,,,,,,,,0,0,True,True,True,False,0.0,0.0,0.0,0.4499999999999999,True,False,1,1,1,1,0,0,PROVEN,False,False
extensions,1,0,0,0,0.7201942724441152,0.5401457043330864,0.75,,,,0.0,,,,,,,,,,,,,,0,0,True,True,True,False,0.0,0.0,0.0,0.4499999999999999,True,False,1,1,1,1,0,0,PROVEN,False,False
final,2,0,0,0,1.4403885448882303,1.0802914086661728,0.75,,,,0.0,,,,,,,,,,,,,,0,0,True,True,True,False,0.0,0.0,0.0,0.4499999999999999,True,False,1,1,1,1,0,0,PROVEN,False,False
focus,1,0,0,0,0.7201942724441152,0.5401457043330864,0.75,,,,0.0,,,,,,,,,,,,,,0,0,True,True,True,False,0.0,0.0,0.0,0.4499999999999999,True,False,1,1,1,1,0,0,PROVEN,False,False
for,1,0,0,0,0.7201942724441152,0.5401457043330864,0.75,,,,0.0,,,,,,,,,,,,,,0,0,True,True,True,False,0.0,0.0,0.0,0.4499999999999999,True,False,1,1,1,1,0,0,PROVEN,False,False
form,1,0,0,0,0.7201942724441152,0.5401457043330864,0.75,,,,0.0,,,,,,,,,,,,,,0,0,True,True,True,False,0.0,0.0,0.0,0.4499999999999999,True,False,1,1,1,1,0,0,PROVEN,False,False
formula,1,0,0,0,0.7201942724441152,0.5401457043330864,0.75,,,,0.0,,,,,,,,,,,,,,0,0,True,True,True,False,0.0,0.0,0.0,0.4499999999999999,True,False,1,1,1,1,0,0,PROVEN,False,False
forward,1,0,0,0,0.7201942724441152,0.5401457043330864,0.75,,,,0.0,,,,,,,,,,,,,,0,0,True,True,True,False,0.0,0.0,0.0,0.4499999999999999,True,False,1,1,1,1,0,0,PROVEN,False,False
found,1,0,0,0,0.7201942724441152,0.5401457043330864,0.75,,,,0.0,,,,,,,,,,,,,,0,0,True,True,True,False,0.0,0.0,0.0,0.4499999999999999,True,False,1,1,1,1,0,0,PROVEN,False,False
framework,1,0,0,0,0.7201942724441152,0.5401457043330864,0.75,,,,0.0,,,,,,,,,,,,,,0,0,True,True,True,False,0.0,0.0,0.0,0.4499999999999999,True,False,1,1,1,1,0,0,PROVEN,False,False
full,1,0,0,0,0.7201942724441152,0.7201942724441152,1.0,,,,0.0,,,,,,,,,,,,,,0,0,True,True,True,False,0.0,0.0,0.0,0.4499999999999999,True,False,1,1,1,1,0,0,PROVEN,False,False
function,1,0,0,0,0.7201942724441152,0.5401457043330864,0.75,,,,0.0,,,,,,,,,,,,,,0,0,True,True,True,False,0.0,0.0,0.0,0.4499999999999999,True,False,1,1,1,1,0,0,PROVEN,False,False
functions,1,0,0,0,0.7201942724441152,0.5401457043330864,0.75,,,,0.0,,,,,,,,,,,,,,0,0,True,True,True,False,0.0,0.0,0.0,0.4499999999999999,True,False,1,1,1,1,0,0,PROVEN,False,False
further,1,0,0,0,0.7201942724441152,0.5401457043330864,0.75,,,,0.0,,,,,,,,,,,,,,0,0,True,True,True,False,0.0,0.0,0.0,0.4499999999999999,True,False,1,1,1,1,0,0,PROVEN,False,False
generate,1,0,0,0,0.7201942724441152,0.5401457043330864,0.75,,,,0.0,,,,,,,,,,,,,,0,0,True,True,True,False,0.0,0.0,0.0,0.4499999999999999,True,False,1,1,1,1,0,0,PROVEN,False,False
get,1,0,0,0,0.7201942724441152,0.5401457043330864,0.75,,,,0.0,,,,,,,,,,,,,,0,0,True,True,True,False,0.0,0.0,0.0,0.4499999999999999,True,False,1,1,1,1,0,0,PROVEN,False,False
given,1,0,0,0,0.7201942724441152,0.5401457043330864,0.75,,,,0.0,,,,,,,,,,,,,,0,0,True,True,True,False,0.0,0.0,0.0,0.4499999999999999,True,False,1,1,1,1,0,0,PROVEN,False,False
golden,1,0,0,0,0.7201942724441152,0.5401457043330864,0.75,,,,0.0,,,,,,,,,,,,,,0,0,True,True,True,False,0.0,0.0,0.0,0.4499999999999999,True,False,1,1,1,1,0,0,PROVEN,False,False
graph,3,0,0,0,2.1605828173323456,1.6204371129992592,0.75,,,,0.0,,,,,,,,,,,,,,0,0,True,True,True,False,0.0,0.0,0.0,0.4499999999999999,True,False,1,1,1,1,0,0,PROVEN,False,False
has,1,0,0,0,0.7201942724441152,0.5401457043330864,0.75,,,,0.0,,,,,,,,,,,,,,0,0,True,True,True,False,0.0,0.0,0.0,0.4499999999999999,True,False,1,1,1,1,0,0,PROVEN,False,False
hash,1,0,0,0,0.7201942724441152,0.5401457043330864,0.75,,,,0.0,,,,,,,,,,,,,,0,0,True,True,True,False,0.0,0.0,0.0,0.4499999999999999,True,False,1,1,1,1,0,0,PROVEN,False,False
high,1,0,0,0,0.7201942724441152,0.5401457043330864,0.75,,,,0.0,,,,,,,,,,,,,,0,0,True,True,True,False,0.0,0.0,0.0,0.4499999999999999,True,False,1,1,1,1,0,0,PROVEN,False,False
hodge,2,0,0,0,1.4403885448882303,1.0802914086661728,0.75,,,,0.0,,,,,,,,,,,,,,0,0,True,True,True,False,0.0,0.0,0.0,0.4499999999999999,True,False,1,1,1,1,0,0,PROVEN,False,False
hypothesis,1,0,0,0,0.7201942724441152,0.5401457043330864,0.75,,,,0.0,,,,,,,,,,,,,,0,0,True,True,True,False,0.0,0.0,0.0,0.4499999999999999,True,False,1,1,1,1,0,0,PROVEN,False,False
implement,1,0,0,0,0.7201942724441152,0.5401457043330864,0.75,,,,0.0,,,,,,,,,,,,,,0,0,True,True,True,False,0.0,0.0,0.0,0.4499999999999999,True,False,1,1,1,1,0,0,PROVEN,False,False
include,1,0,0,0,0.7201942724441152,0.5401457043330864,0.75,,,,0.0,,,,,,,,,,,,,,0,0,True,True,True,False,0.0,0.0,0.0,0.4499999999999999,True,False,1,1,1,1,0,0,PROVEN,False,False
initialize,1,0,0,0,0.7201942724441152,0.5401457043330864,0.75,,,,0.0,,,,,,,,,,,,,,0,0,True,True,True,False,0.0,0.0,0.0,0.4499999999999999,True,False,1,1,1,1,0,0,PROVEN,False,False
insights,1,0,0,0,0.7201942724441152,0.5401457043330864,0.75,,,,0.0,,,,,,,,,,,,,,0,0,True,True,True,False,0.0,0.0,0.0,0.4499999999999999,True,False,1,1,1,1,0,0,PROVEN,False,False
interaction,1,0,0,0,0.7201942724441152,0.5401457043330864,0.75,,,,0.0,,,,,,,,,,,,,,0,0,True,True,True,False,0.0,0.0,0.0,0.4499999999999999,True,False,1,1,1,1,0,0,PROVEN,False,False
is_valid_permutation,1,0,0,0,0.7201942724441152,0.5401457043330864,0.75,,,,0.0,,,,,,,,,,,,,,0,0,True,True,True,False,0.0,0.0,0.0,0.4499999999999999,True,False,1,1,1,1,0,0,PROVEN,False,False
item,1,0,0,0,0.7201942724441152,0.5401457043330864,0.75,,,,0.0,,,,,,,,,,,,,,0,0,True,True,True,False,0.0,0.0,0.0,0.4499999999999999,True,False,1,1,1,1,0,0,PROVEN,False,False
k-mer,1,0,0,0,0.7201942724441152,0.5401457043330864,0.75,,,,0.0,,,,,,,,,,,,,,0,0,True,True,True,False,0.0,0.0,0.0,0.4499999999999999,True,False,1,1,1,1,0,0,PROVEN,False,False
key,1,0,0,0,0.7201942724441152,0.5401457043330864,0.75,,,,0.0,,,,,,,,,,,,,,0,0,True,True,True,False,0.0,0.0,0.0,0.4499999999999999,True,False,1,1,1,1,0,0,PROVEN,False,False
knowledge,1,0,0,0,0.7201942724441152,0.5401457043330864,0.75,,,,0.0,,,,,,,,,,,,,,0,0,True,True,True,False,0.0,0.0,0.0,0.4499999999999999,True,False,1,1,1,1,0,0,PROVEN,False,False
lambda,1,0,0,0,0.7201942724441152,0.5401457043330864,0.75,,,,0.0,,,,,,,,,,,,,,0,0,True,True,True,False,0.0,0.0,0.0,0.4499999999999999,True,False,1,1,1,1,0,0,PROVEN,False,False
laminate,2,0,0,0,1.4403885448882303,1.0802914086661728,0.75,,,,0.0,,,,,,,,,,,,,,0,0,True,True,True,False,0.0,0.0,0.0,0.4499999999999999,True,False,1,1,1,1,0,0,PROVEN,False,False
law,1,0,0,0,0.7201942724441152,0.5401457043330864,0.75,,,,0.0,,,,,,,,,,,,,,0,0,True,True,True,False,0.0,0.0,0.0,0.4499999999999999,True,False,1,1,1,1,0,0,PROVEN,False,False
len,2,0,0,0,1.4403885448882303,1.0802914086661728,0.75,,,,0.0,,,,,,,,,,,,,,0,0,True,True,True,False,0.0,0.0,0.0,0.4499999999999999,True,False,1,1,1,1,0,0,PROVEN,False,False
limbo_list,1,0,0,0,0.7201942724441152,0.5401457043330864,0.75,,,,0.0,,,,,,,,,,,,,,0,0,True,True,True,False,0.0,0.0,0.0,0.4499999999999999,True,False,1,1,1,1,0,0,PROVEN,False,False
linalg,1,0,0,0,0.7201942724441152,0.5401457043330864,0.75,,,,0.0,,,,,,,,,,,,,,0,0,True,True,True,False,0.0,0.0,0.0,0.4499999999999999,True,False,1,1,1,1,0,0,PROVEN,False,False
log,1,0,0,0,0.7201942724441152,0.5401457043330864,0.75,,,,0.0,,,,,,,,,,,,,,0,0,True,True,True,False,0.0,0.0,0.0,0.4499999999999999,True,False,1,1,1,1,0,0,PROVEN,False,False
logger,1,0,0,0,0.7201942724441152,0.5401457043330864,0.75,,,,0.0,,,,,,,,,,,,,,0,0,True,True,True,False,0.0,0.0,0.0,0.4499999999999999,True,False,1,1,1,1,0,0,PROVEN,False,False
logic,1,0,0,0,0.7201942724441152,0.5401457043330864,0.75,,,,0.0,,,,,,,,,,,,,,0,0,True,True,True,False,0.0,0.0,0.0,0.4499999999999999,True,False,1,1,1,1,0,0,PROVEN,False,False
map,1,0,0,0,0.7201942724441152,0.5401457043330864,0.75,,,,0.0,,,,,,,,,,,,,,0,0,True,True,True,False,0.0,0.0,0.0,0.4499999999999999,True,False,1,1,1,1,0,0,PROVEN,False,False
mass,1,0,0,0,0.7201942724441152,0.5401457043330864,0.75,,,,0.0,,,,,,,,,,,,,,0,0,True,True,True,False,0.0,0.0,0.0,0.4499999999999999,True,False,1,1,1,1,0,0,PROVEN,False,False
math,2,0,0,0,1.4403885448882303,1.0802914086661728,0.75,,,,0.0,,,,,,,,,,,,,,0,0,True,True,True,False,0.0,0.0,0.0,0.4499999999999999,True,False,1,1,1,1,0,0,PROVEN,False,False
me,2,0,0,0,1.4403885448882303,1.0802914086661728,0.75,,,,0.0,,,,,,,,,,,,,,0,0,True,True,True,False,0.0,0.0,0.0,0.4499999999999999,True,False,1,1,1,1,0,0,PROVEN,False,False
method,1,0,0,0,0.7201942724441152,0.5401457043330864,0.75,,,,0.0,,,,,,,,,,,,,,0,0,True,True,True,False,0.0,0.0,0.0,0.4499999999999999,True,False,1,1,1,1,0,0,PROVEN,False,False
methods,1,0,0,0,0.7201942724441152,0.5401457043330864,0.75,,,,0.0,,,,,,,,,,,,,,0,0,True,True,True,False,0.0,0.0,0.0,0.4499999999999999,True,False,1,1,1,1,0,0,PROVEN,False,False
metrics,2,0,0,0,1.4403885448882303,1.0802914086661728,0.75,,,,0.0,,,,,,,,,,,,,,0,0,True,True,True,False,0.0,0.0,0.0,0.4499999999999999,True,False,1,1,1,1,0,0,PROVEN,False,False
min,1,0,0,0,0.7201942724441152,0.5401457043330864,0.75,,,,0.0,,,,,,,,,,,,,,0,0,True,True,True,False,0.0,0.0,0.0,0.4499999999999999,True,False,1,1,1,1,0,0,PROVEN,False,False
missing,2,0,0,0,1.4403885448882303,1.0802914086661728,0.75,,,,0.0,,,,,,,,,,,,,,0,0,True,True,True,False,0.0,0.0,0.0,0.4499999999999999,True,False,1,1,1,1,0,0,PROVEN,False,False
moderate,1,0,0,0,0.7201942724441152,0.5401457043330864,0.75,,,,0.0,,,,,,,,,,,,,,0,0,True,True,True,False,0.0,0.0,0.0,0.4499999999999999,True,False,1,1,1,1,0,0,PROVEN,False,False
most,1,0,0,0,0.7201942724441152,0.5401457043330864,0.75,,,,0.0,,,,,,,,,,,,,,0,0,True,True,True,False,0.0,0.0,0.0,0.4499999999999999,True,False,1,1,1,1,0,0,PROVEN,False,False
name__,2,0,0,0,1.4403885448882303,1.0802914086661728,0.75,,,,0.0,,,,,,,,,,,,,,0,0,True,True,True,False,0.0,0.0,0.0,0.4499999999999999,True,False,1,1,1,1,0,0,PROVEN,False,False
needed,1,0,0,0,0.7201942724441152,0.5401457043330864,0.75,,,,0.0,,,,,,,,,,,,,,0,0,True,True,True,False,0.0,0.0,0.0,0.4499999999999999,True,False,1,1,1,1,0,0,PROVEN,False,False
next,1,0,0,0,0.7201942724441152,0.5401457043330864,0.75,,,,0.0,,,,,,,,,,,,,,0,0,True,True,True,False,0.0,0.0,0.0,0.4499999999999999,True,False,1,1,1,1,0,0,PROVEN,False,False
no,1,0,0,0,0.7201942724441152,0.5401457043330864,0.75,,,,0.0,,,,,,,,,,,,,,0,0,True,True,True,False,0.0,0.0,0.0,0.4499999999999999,True,False,1,1,1,1,0,0,PROVEN,False,False
not,1,0,0,0,0.7201942724441152,0.5401457043330864,0.75,,,,0.0,,,,,,,,,,,,,,0,0,True,True,True,False,0.0,0.0,0.0,0.4499999999999999,True,False,1,1,1,1,0,0,PROVEN,False,False
np,1,0,0,0,0.7201942724441152,0.5401457043330864,0.75,,,,0.0,,,,,,,,,,,,,,0,0,True,True,True,False,0.0,0.0,0.0,0.4499999999999999,True,False,1,1,1,1,0,0,PROVEN,False,False
objective,1,0,0,0,0.7201942724441152,0.5401457043330864,0.75,,,,0.0,,,,,,,,,,,,,,0,0,True,True,True,False,0.0,0.0,0.0,0.4499999999999999,True,False,1,1,1,1,0,0,PROVEN,False,False
or,1,0,0,0,0.7201942724441152,0.5401457043330864,0.75,,,,0.0,,,,,,,,,,,,,,0,0,True,True,True,False,0.0,0.0,0.0,0.4499999999999999,True,False,1,1,1,1,0,0,PROVEN,False,False
parity,1,0,0,0,0.7201942724441152,0.5401457043330864,0.75,,,,0.0,,,,,,,,,,,,,,0,0,True,True,True,False,0.0,0.0,0.0,0.4499999999999999,True,False,1,1,1,1,0,0,PROVEN,False,False
performance,1,0,0,0,0.7201942724441152,0.5401457043330864,0.75,,,,0.0,,,,,,,,,,,,,,0,0,True,True,True,False,0.0,0.0,0.0,0.4499999999999999,True,False,1,1,1,1,0,0,PROVEN,False,False
perm,2,0,0,0,1.4403885448882303,1.0802914086661728,0.75,,,,0.0,,,,,,,,,,,,,,0,0,True,True,True,False,0.0,0.0,0.0,0.4499999999999999,True,False,1,1,1,1,0,0,PROVEN,False,False
permutation,1,0,0,0,0.7201942724441152,0.5401457043330864,0.75,,,,0.0,,,,,,,,,,,,,,0,0,True,True,True,False,0.0,0.0,0.0,0.4499999999999999,True,False,1,1,1,1,0,0,PROVEN,False,False
permutations,1,0,0,0,0.7201942724441152,0.5401457043330864,0.75,,,,0.0,,,,,,,,,,,,,,0,0,True,True,True,False,0.0,0.0,0.0,0.4499999999999999,True,False,1,1,1,1,0,0,PROVEN,False,False
potential,2,0,0,0,1.4403885448882303,1.0802914086661728,0.75,,,,0.0,,,,,,,,,,,,,,0,0,True,True,True,False,0.0,0.0,0.0,0.4499999999999999,True,False,1,1,1,1,0,0,PROVEN,False,False
preservation,1,0,0,0,0.7201942724441152,0.5401457043330864,0.75,,,,0.0,,,,,,,,,,,,,,0,0,True,True,True,False,0.0,0.0,0.0,0.4499999999999999,True,False,1,1,1,1,0,0,PROVEN,False,False
priority,1,0,0,0,0.7201942724441152,0.5401457043330864,0.75,,,,0.0,,,,,,,,,,,,,,0,0,True,True,True,False,0.0,0.0,0.0,0.4499999999999999,True,False,1,1,1,1,0,0,PROVEN,False,False
progress,1,0,0,0,0.7201942724441152,0.5401457043330864,0.75,,,,0.0,,,,,,,,,,,,,,0,0,True,True,True,False,0.0,0.0,0.0,0.4499999999999999,True,False,1,1,1,1,0,0,PROVEN,False,False
proof,1,0,0,0,0.7201942724441152,0.5401457043330864,0.75,,,,0.0,,,,,,,,,,,,,,0,0,True,True,True,False,0.0,0.0,0.0,0.4499999999999999,True,False,1,1,1,1,0,0,PROVEN,False,False
py,1,0,0,0,0.7201942724441152,0.5401457043330864,0.75,,,,0.0,,,,,,,,,,,,,,0,0,True,True,True,False,0.0,0.0,0.0,0.4499999999999999,True,False,1,1,1,1,0,0,PROVEN,False,False
pytest,1,0,0,0,0.7201942724441152,0.5401457043330864,0.75,,,,0.0,,,,,,,,,,,,,,0,0,True,True,True,False,0.0,0.0,0.0,0.4499999999999999,True,False,1,1,1,1,0,0,PROVEN,False,False
quantum,1,0,0,0,0.7201942724441152,0.5401457043330864,0.75,,,,0.0,,,,,,,,,,,,,,0,0,True,True,True,False,0.0,0.0,0.0,0.4499999999999999,True,False,1,1,1,1,0,0,PROVEN,False,False
ratio,1,0,0,0,0.7201942724441152,0.5401457043330864,0.75,,,,0.0,,,,,,,,,,,,,,0,0,True,True,True,False,0.0,0.0,0.0,0.4499999999999999,True,False,1,1,1,1,0,0,PROVEN,False,False
re,1,0,0,0,0.7201942724441152,0.5401457043330864,0.75,,,,0.0,,,,,,,,,,,,,,0,0,True,True,True,False,0.0,0.0,0.0,0.4499999999999999,True,False,1,1,1,1,0,0,PROVEN,False,False
real,1,0,0,0,0.7201942724441152,0.5401457043330864,0.75,,,,0.0,,,,,,,,,,,,,,0,0,True,True,True,False,0.0,0.0,0.0,0.4499999999999999,True,False,1,1,1,1,0,0,PROVEN,False,False
recursive,1,0,0,0,0.7201942724441152,0.5401457043330864,0.75,,,,0.0,,,,,,,,,,,,,,0,0,True,True,True,False,0.0,0.0,0.0,0.4499999999999999,True,False,1,1,1,1,0,0,PROVEN,False,False
reference_channels,2,0,0,0,1.4403885448882303,1.0802914086661728,0.75,,,,0.0,,,,,,,,,,,,,,0,0,True,True,True,False,0.0,0.0,0.0,0.4499999999999999,True,False,1,1,1,1,0,0,PROVEN,False,False
refine,1,0,0,0,0.7201942724441152,0.5401457043330864,0.75,,,,0.0,,,,,,,,,,,,,,0,0,True,True,True,False,0.0,0.0,0.0,0.4499999999999999,True,False,1,1,1,1,0,0,PROVEN,False,False
representation,1,0,0,0,0.7201942724441152,0.5401457043330864,0.75,,,,0.0,,,,,,,,,,,,,,0,0,True,True,True,False,0.0,0.0,0.0,0.4499999999999999,True,False,1,1,1,1,0,0,PROVEN,False,False
representations,1,0,0,0,0.7201942724441152,0.5401457043330864,0.75,,,,0.0,,,,,,,,,,,,,,0,0,True,True,True,False,0.0,0.0,0.0,0.4499999999999999,True,False,1,1,1,1,0,0,PROVEN,False,False
result,1,0,0,0,0.7201942724441152,0.5401457043330864,0.75,,,,0.0,,,,,,,,,,,,,,0,0,True,True,True,False,0.0,0.0,0.0,0.4499999999999999,True,False,1,1,1,1,0,0,PROVEN,False,False
roots,1,0,0,0,0.7201942724441152,0.5401457043330864,0.75,,,,0.0,,,,,,,,,,,,,,0,0,True,True,True,False,0.0,0.0,0.0,0.4499999999999999,True,False,1,1,1,1,0,0,PROVEN,False,False
rules,1,0,0,0,0.7201942724441152,0.5401457043330864,0.75,,,,0.0,,,,,,,,,,,,,,0,0,True,True,True,False,0.0,0.0,0.0,0.4499999999999999,True,False,1,1,1,1,0,0,PROVEN,False,False
run,1,0,0,0,0.7201942724441152,0.5401457043330864,0.75,,,,0.0,,,,,,,,,,,,,,0,0,True,True,True,False,0.0,0.0,0.0,0.4499999999999999,True,False,1,1,1,1,0,0,PROVEN,False,False
said,1,0,0,0,0.7201942724441152,0.5401457043330864,0.75,,,,0.0,,,,,,,,,,,,,,0,0,True,True,True,False,0.0,0.0,0.0,0.4499999999999999,True,False,1,1,1,1,0,0,PROVEN,False,False
scale,1,0,0,0,0.7201942724441152,0.5401457043330864,0.75,,,,0.0,,,,,,,,,,,,,,0,0,True,True,True,False,0.0,0.0,0.0,0.4499999999999999,True,False,1,1,1,1,0,0,PROVEN,False,False
score,2,0,0,0,1.4403885448882303,1.0802914086661728,0.75,,,,0.0,,,,,,,,,,,,,,0,0,True,True,True,False,0.0,0.0,0.0,0.4499999999999999,True,False,1,1,1,1,0,0,PROVEN,False,False
scores,1,0,0,0,0.7201942724441152,0.5401457043330864,0.75,,,,0.0,,,,,,,,,,,,,,0,0,True,True,True,False,0.0,0.0,0.0,0.4499999999999999,True,False,1,1,1,1,0,0,PROVEN,False,False
segment,1,0,0,0,0.7201942724441152,0.5401457043330864,0.75,,,,0.0,,,,,,,,,,,,,,0,0,True,True,True,False,0.0,0.0,0.0,0.4499999999999999,True,False,1,1,1,1,0,0,PROVEN,False,False
self,1,0,0,0,0.7201942724441152,0.5401457043330864,0.75,,,,0.0,,,,,,,,,,,,,,0,0,True,True,True,False,0.0,0.0,0.0,0.4499999999999999,True,False,1,1,1,1,0,0,PROVEN,False,False
separation,1,0,0,0,0.7201942724441152,0.5401457043330864,0.75,,,,0.0,,,,,,,,,,,,,,0,0,True,True,True,False,0.0,0.0,0.0,0.4499999999999999,True,False,1,1,1,1,0,0,PROVEN,False,False
setup,1,0,0,0,0.7201942724441152,0.5401457043330864,0.75,,,,0.0,,,,,,,,,,,,,,0,0,True,True,True,False,0.0,0.0,0.0,0.4499999999999999,True,False,1,1,1,1,0,0,PROVEN,False,False
shell,1,0,0,0,0.7201942724441152,0.5401457043330864,0.75,,,,0.0,,,,,,,,,,,,,,0,0,True,True,True,False,0.0,0.0,0.0,0.4499999999999999,True,False,1,1,1,1,0,0,PROVEN,False,False
show,1,0,0,0,0.7201942724441152,0.5401457043330864,0.75,,,,0.0,,,,,,,,,,,,,,0,0,True,True,True,False,0.0,0.0,0.0,0.4499999999999999,True,False,1,1,1,1,0,0,PROVEN,False,False
signs,1,0,0,0,0.7201942724441152,0.5401457043330864,0.75,,,,0.0,,,,,,,,,,,,,,0,0,True,True,True,False,0.0,0.0,0.0,0.4499999999999999,True,False,1,1,1,1,0,0,PROVEN,False,False
size,1,0,0,0,0.7201942724441152,0.5401457043330864,0.75,,,,0.0,,,,,,,,,,,,,,0,0,True,True,True,False,0.0,0.0,0.0,0.4499999999999999,True,False,1,1,1,1,0,0,PROVEN,False,False
solution,1,0,0,0,0.7201942724441152,0.5401457043330864,0.75,,,,0.0,,,,,,,,,,,,,,0,0,True,True,True,False,0.0,0.0,0.0,0.4499999999999999,True,False,1,1,1,1,0,0,PROVEN,False,False
specific,1,0,0,0,0.7201942724441152,0.5401457043330864,0.75,,,,0.0,,,,,,,,,,,,,,0,0,True,True,True,False,0.0,0.0,0.0,0.4499999999999999,True,False,1,1,1,1,0,0,PROVEN,False,False
sqrt,2,0,0,0,1.4403885448882303,1.0802914086661728,0.75,,,,0.0,,,,,,,,,,,,,,0,0,True,True,True,False,0.0,0.0,0.0,0.4499999999999999,True,False,1,1,1,1,0,0,PROVEN,False,False
start_time,1,0,0,0,0.7201942724441152,0.5401457043330864,0.75,,,,0.0,,,,,,,,,,,,,,0,0,True,True,True,False,0.0,0.0,0.0,0.4499999999999999,True,False,1,1,1,1,0,0,PROVEN,False,False
state,1,0,0,0,0.7201942724441152,0.5401457043330864,0.75,,,,0.0,,,,,,,,,,,,,,0,0,True,True,True,False,0.0,0.0,0.0,0.4499999999999999,True,False,1,1,1,1,0,0,PROVEN,False,False
status,2,0,0,0,1.4403885448882303,1.0802914086661728,0.75,,,,0.0,,,,,,,,,,,,,,0,0,True,True,True,False,0.0,0.0,0.0,0.4499999999999999,True,False,1,1,1,1,0,0,PROVEN,False,False
storage,1,0,0,0,0.7201942724441152,0.5401457043330864,0.75,,,,0.0,,,,,,,,,,,,,,0,0,True,True,True,False,0.0,0.0,0.0,0.4499999999999999,True,False,1,1,1,1,0,0,PROVEN,False,False
strong,1,0,0,0,0.7201942724441152,0.5401457043330864,0.75,,,,0.0,,,,,,,,,,,,,,0,0,True,True,True,False,0.0,0.0,0.0,0.4499999999999999,True,False,1,1,1,1,0,0,PROVEN,False,False
structures,1,0,0,0,0.7201942724441152,0.5401457043330864,0.75,,,,0.0,,,,,,,,,,,,,,0,0,True,True,True,False,0.0,0.0,0.0,0.4499999999999999,True,False,1,1,1,1,0,0,PROVEN,False,False
systematic,2,0,0,0,1.4403885448882303,1.0802914086661728,0.75,,,,0.0,,,,,,,,,,,,,,0,0,True,True,True,False,0.0,0.0,0.0,0.4499999999999999,True,False,1,1,1,1,0,0,PROVEN,False,False
tasks,1,0,0,0,0.7201942724441152,0.5401457043330864,0.75,,,,0.0,,,,,,,,,,,,,,0,0,True,True,True,False,0.0,0.0,0.0,0.4499999999999999,True,False,1,1,1,1,0,0,PROVEN,False,False
tested,1,0,0,0,0.7201942724441152,0.5401457043330864,0.75,,,,0.0,,,,,,,,,,,,,,0,0,True,True,True,False,0.0,0.0,0.0,0.4499999999999999,True,False,1,1,1,1,0,0,PROVEN,False,False
testing,1,0,0,0,0.7201942724441152,0.5401457043330864,0.75,,,,0.0,,,,,,,,,,,,,,0,0,True,True,True,False,0.0,0.0,0.0,0.4499999999999999,True,False,1,1,1,1,0,0,PROVEN,False,False
tests,1,0,0,0,0.7201942724441152,0.5401457043330864,0.75,,,,0.0,,,,,,,,,,,,,,0,0,True,True,True,False,0.0,0.0,0.0,0.4499999999999999,True,False,1,1,1,1,0,0,PROVEN,False,False
them,1,0,0,0,0.7201942724441152,0.5401457043330864,0.75,,,,0.0,,,,,,,,,,,,,,0,0,True,True,True,False,0.0,0.0,0.0,0.4499999999999999,True,False,1,1,1,1,0,0,PROVEN,False,False
theorem,1,0,0,0,0.7201942724441152,0.7201942724441152,1.0,,,,0.0,,,,,,,,,,,,,,0,0,True,True,True,False,0.0,0.0,0.0,0.4499999999999999,True,False,1,1,1,1,0,0,PROVEN,False,False
theory,2,0,0,0,1.4403885448882303,1.0802914086661728,0.75,,,,0.0,,,,,,,,,,,,,,0,0,True,True,True,False,0.0,0.0,0.0,0.4499999999999999,True,False,1,1,1,1,0,0,PROVEN,False,False
these,2,0,0,0,1.4403885448882303,1.0802914086661728,0.75,,,,0.0,,,,,,,,,,,,,,0,0,True,True,True,False,0.0,0.0,0.0,0.4499999999999999,True,False,1,1,1,1,0,0,PROVEN,False,False
three,1,0,0,0,0.7201942724441152,0.5401457043330864,0.75,,,,0.0,,,,,,,,,,,,,,0,0,True,True,True,False,0.0,0.0,0.0,0.4499999999999999,True,False,1,1,1,1,0,0,PROVEN,False,False
traversal,2,0,0,0,1.4403885448882303,1.0802914086661728,0.75,,,,0.0,,,,,,,,,,,,,,0,0,True,True,True,False,0.0,0.0,0.0,0.4499999999999999,True,False,1,1,1,1,0,0,PROVEN,False,False
truth,2,0,0,0,1.4403885448882303,1.0802914086661728,0.75,,,,0.0,,,,,,,,,,,,,,0,0,True,True,True,False,0.0,0.0,0.0,0.4499999999999999,True,False,1,1,1,1,0,0,PROVEN,False,False
tuple,1,0,0,0,0.7201942724441152,0.5401457043330864,0.75,,,,0.0,,,,,,,,,,,,,,0,0,True,True,True,False,0.0,0.0,0.0,0.4499999999999999,True,False,1,1,1,1,0,0,PROVEN,False,False
turn,1,0,0,0,0.7201942724441152,0.5401457043330864,0.75,,,,0.0,,,,,,,,,,,,,,0,0,True,True,True,False,0.0,0.0,0.0,0.4499999999999999,True,False,1,1,1,1,0,0,PROVEN,False,False
type,1,0,0,0,0.7201942724441152,0.5401457043330864,0.75,,,,0.0,,,,,,,,,,,,,,0,0,True,True,True,False,0.0,0.0,0.0,0.4499999999999999,True,False,1,1,1,1,0,0,PROVEN,False,False
universal,1,0,0,0,0.7201942724441152,0.5401457043330864,0.75,,,,0.0,,,,,,,,,,,,,,0,0,True,True,True,False,0.0,0.0,0.0,0.4499999999999999,True,False,1,1,1,1,0,0,PROVEN,False,False
until,2,0,0,0,1.4403885448882303,1.0802914086661728,0.75,,,,0.0,,,,,,,,,,,,,,0,0,True,True,True,False,0.0,0.0,0.0,0.4499999999999999,True,False,1,1,1,1,0,0,PROVEN,False,False
used,2,0,0,0,1.4403885448882303,1.0802914086661728,0.75,,,,0.0,,,,,,,,,,,,,,0,0,True,True,True,False,0.0,0.0,0.0,0.4499999999999999,True,False,1,1,1,1,0,0,PROVEN,False,False
validation,1,0,0,0,0.7201942724441152,0.5401457043330864,0.75,,,,0.0,,,,,,,,,,,,,,0,0,True,True,True,False,0.0,0.0,0.0,0.4499999999999999,True,False,1,1,1,1,0,0,PROVEN,False,False
validator,1,0,0,0,0.7201942724441152,0.5401457043330864,0.75,,,,0.0,,,,,,,,,,,,,,0,0,True,True,True,False,0.0,0.0,0.0,0.4499999999999999,True,False,1,1,1,1,0,0,PROVEN,False,False
value,1,0,0,0,0.7201942724441152,0.5401457043330864,0.75,,,,0.0,,,,,,,,,,,,,,0,0,True,True,True,False,0.0,0.0,0.0,0.4499999999999999,True,False,1,1,1,1,0,0,PROVEN,False,False
variety,1,0,0,0,0.7201942724441152,0.5401457043330864,0.75,,,,0.0,,,,,,,,,,,,,,0,0,True,True,True,False,0.0,0.0,0.0,0.4499999999999999,True,False,1,1,1,1,0,0,PROVEN,False,False
ve,1,0,0,0,0.7201942724441152,0.5401457043330864,0.75,,,,0.0,,,,,,,,,,,,,,0,0,True,True,True,False,0.0,0.0,0.0,0.4499999999999999,True,False,1,1,1,1,0,0,PROVEN,False,False
vector,1,0,0,0,0.7201942724441152,0.5401457043330864,0.75,,,,0.0,,,,,,,,,,,,,,0,0,True,True,True,False,0.0,0.0,0.0,0.4499999999999999,True,False,1,1,1,1,0,0,PROVEN,False,False
vs,2,0,0,0,1.4403885448882303,1.0802914086661728,0.75,,,,0.0,,,,,,,,,,,,,,0,0,True,True,True,False,0.0,0.0,0.0,0.4499999999999999,True,False,1,1,1,1,0,0,PROVEN,False,False
was,1,0,0,0,0.7201942724441152,0.5401457043330864,0.75,,,,0.0,,,,,,,,,,,,,,0,0,True,True,True,False,0.0,0.0,0.0,0.4499999999999999,True,False,1,1,1,1,0,0,PROVEN,False,False
weights,1,0,0,0,0.7201942724441152,0.5401457043330864,0.75,,,,0.0,,,,,,,,,,,,,,0,0,True,True,True,False,0.0,0.0,0.0,0.4499999999999999,True,False,1,1,1,1,0,0,PROVEN,False,False
what,1,0,0,0,0.7201942724441152,0.5401457043330864,0.75,,,,0.0,,,,,,,,,,,,,,0,0,True,True,True,False,0.0,0.0,0.0,0.4499999999999999,True,False,1,1,1,1,0,0,PROVEN,False,False
when,2,0,0,0,1.4403885448882303,1.0802914086661728,0.75,,,,0.0,,,,,,,,,,,,,,0,0,True,True,True,False,0.0,0.0,0.0,0.4499999999999999,True,False,1,1,1,1,0,0,PROVEN,False,False
why,1,0,0,0,0.7201942724441152,0.5401457043330864,0.75,,,,0.0,,,,,,,,,,,,,,0,0,True,True,True,False,0.0,0.0,0.0,0.4499999999999999,True,False,1,1,1,1,0,0,PROVEN,False,False
will,1,0,0,0,0.7201942724441152,0.5401457043330864,0.75,,,,0.0,,,,,,,,,,,,,,0,0,True,True,True,False,0.0,0.0,0.0,0.4499999999999999,True,False,1,1,1,1,0,0,PROVEN,False,False
winner,1,0,0,0,0.7201942724441152,0.5401457043330864,0.75,,,,0.0,,,,,,,,,,,,,,0,0,True,True,True,False,0.0,0.0,0.0,0.4499999999999999,True,False,1,1,1,1,0,0,PROVEN,False,False
winners,1,0,0,0,0.7201942724441152,0.5401457043330864,0.75,,,,0.0,,,,,,,,,,,,,,0,0,True,True,True,False,0.0,0.0,0.0,0.4499999999999999,True,False,1,1,1,1,0,0,PROVEN,False,False
work,1,0,0,0,0.7201942724441152,0.5401457043330864,0.75,,,,0.0,,,,,,,,,,,,,,0,0,True,True,True,False,0.0,0.0,0.0,0.4499999999999999,True,False,1,1,1,1,0,0,PROVEN,False,False
would,1,0,0,0,0.7201942724441152,0.5401457043330864,0.75,,,,0.0,,,,,,,,,,,,,,0,0,True,True,True,False,0.0,0.0,0.0,0.4499999999999999,True,False,1,1,1,1,0,0,PROVEN,False,False
write,1,0,0,0,0.7201942724441152,0.5401457043330864,0.75,,,,0.0,,,,,,,,,,,,,,0,0,True,True,True,False,0.0,0.0,0.0,0.4499999999999999,True,False,1,1,1,1,0,0,PROVEN,False,False
yang-mills,1,0,0,0,0.7201942724441152,0.5401457043330864,0.75,,,,0.0,,,,,,,,,,,,,,0,0,True,True,True,False,0.0,0.0,0.0,0.4499999999999999,True,False,1,1,1,1,0,0,PROVEN,False,False
year,1,0,0,0,0.7201942724441152,0.5401457043330864,0.75,,,,0.0,,,,,,,,,,,,,,0,0,True,True,True,False,0.0,0.0,0.0,0.4499999999999999,True,False,1,1,1,1,0,0,PROVEN,False,False
yes,1,0,0,0,0.7201942724441152,0.5401457043330864,0.75,,,,0.0,,,,,,,,,,,,,,0,0,True,True,True,False,0.0,0.0,0.0,0.4499999999999999,True,False,1,1,1,1,0,0,PROVEN,False,False
you,1,0,0,0,0.7201942724441152,0.5401457043330864,0.75,,,,0.0,,,,,,,,,,,,,,0,0,True,True,True,False,0.0,0.0,0.0,0.4499999999999999,True,False,1,1,1,1,0,0,PROVEN,False,False
